<navigation defaultView="right">
  <view id="back" svg="back" rotation="0" defaultZoom="1.0" minZoom="2.0" maxZoom="4.0">
    <control input="right" target="right"/>
    <control input="down" target="top"/>
  </view>
  <view id="right" svg="right" rotation="0" defaultZoom="1.0" minZoom="2.0" maxZoom="4.0">
    <control input="down" target="top"/>
    <control input="left" target="back"/>
  </view>
  <view id="top" svg="top" rotation="0" defaultZoom="1.0" minZoom="2.0" maxZoom="4.0">
    <control input="up" target="right"/>
    <control input="left" target="back"/>
  </view>
</navigation>