<navigation defaultView="right">
  <default>
	  <control input="button" target="VP_11210100" label="OTHER"/>
  </default>
  <view id="back" svg="back" rotation="0" defaultZoom="1.0" minZoom="2.0" maxZoom="4.0">
    <control input="left" target="left"/>
    <control input="right" target="right"/>
  </view>
  <view id="bottom" svg="bottom" rotation="0" defaultZoom="1.0" minZoom="2.0" maxZoom="4.0">
    <control input="down" target="right"/>
    <control input="left" target="back"/>
    <control input="right" target="front"/>
  </view>
  <view id="front" svg="front" rotation="0" defaultZoom="1.0" minZoom="2.0" maxZoom="4.0">
    <control input="left" target="right"/>
    <control input="right" target="left"/>
  </view>
  <view id="left" svg="left" rotation="0" defaultZoom="1.0" minZoom="2.0" maxZoom="4.0">
    <control input="down" target="top_rotated"/>
    <control input="up" target="bottom_rotated"/>
    <control input="left" target="front"/>
    <control input="right" target="back"/>
  </view>
  <view id="right" svg="right" rotation="0" defaultZoom="1.0" minZoom="2.0" maxZoom="4.0">
    <control input="down" target="top"/>
    <control input="up" target="bottom"/>
    <control input="left" target="back"/>
    <control input="right" target="front"/>
  </view>
  <view id="top" svg="top" rotation="0" defaultZoom="1.0" minZoom="2.0" maxZoom="4.0">
    <control input="up" target="right"/>
    <control input="left" target="back"/>
    <control input="right" target="front"/>
  </view>
  <view id="top_rotated" svg="top" rotation="180" defaultZoom="1.0" minZoom="2.0" maxZoom="4.0">
    <control input="up" target="left"/>
    <control input="left" target="front"/>
    <control input="right" target="back"/>
  </view>
  <view id="bottom_rotated" svg="bottom" rotation="180" defaultZoom="1.0" minZoom="2.0" maxZoom="4.0">
    <control input="down" target="left"/>
    <control input="left" target="front"/>
    <control input="right" target="back"/>
  </view>
</navigation>