{"VP_11500820":{"vehicleComponentList":[{"damageTypeList":[{"damageType":"No original", "damageTypeShortname":"KEINORIGINAL", "damageDegreeList":[{"friendlyname":"Light", "shortname":"LEICHT", "version":1446211670000}, {"friendlyname":"Medium", "shortname":"MITTEL", "version":1446211671000}, {"friendlyname":"Heavy", "shortname":"STARK", "version":1446211671000}], "version":1446212299000}, {"damageType":"Missing", "damageTypeShortname":"FEHLT", "damageDegreeList":[{"friendlyname":"without", "shortname":"OHNE", "version":1446212133000}], "version":1446212302000}, {"damageType":"Deformed", "damageTypeShortname":"VERFORMT", "damageDegreeList":[{"friendlyname":"Light", "shortname":"LEICHT", "version":1446211670000}, {"friendlyname":"Medium", "shortname":"MITTEL", "version":1446211671000}, {"friendlyname":"Heavy", "shortname":"STARK", "version":1446211671000}], "version":1446212305000}, {"damageType":"Broken", "damageTypeShortname":"GEBROCHEN", "damageDegreeList":[{"friendlyname":"Light", "shortname":"LEICHT", "version":1446211670000}, {"friendlyname":"Medium", "shortname":"MITTEL", "version":1446211671000}, {"friendlyname":"Heavy", "shortname":"STARK", "version":1446211671000}], "version":1446212307000}], "vehicleComponentShortname":"DOPPELMAULSCHLSSEL10X13", "vehicleComponentFriendlyname":"Open end wrench 10x13", "version":1446470856000}], "version":1446470856000}, "VP_11500821":{"vehicleComponentList":[{"damageTypeList":[{"damageType":"No original", "damageTypeShortname":"KEINORIGINAL", "damageDegreeList":[{"friendlyname":"Light", "shortname":"LEICHT", "version":1446211670000}, {"friendlyname":"Medium", "shortname":"MITTEL", "version":1446211671000}, {"friendlyname":"Heavy", "shortname":"STARK", "version":1446211671000}], "version":1446212299000}, {"damageType":"Missing", "damageTypeShortname":"FEHLT", "damageDegreeList":[{"friendlyname":"without", "shortname":"OHNE", "version":1446212133000}], "version":1446212302000}, {"damageType":"Deformed", "damageTypeShortname":"VERFORMT", "damageDegreeList":[{"friendlyname":"Light", "shortname":"LEICHT", "version":1446211670000}, {"friendlyname":"Medium", "shortname":"MITTEL", "version":1446211671000}, {"friendlyname":"Heavy", "shortname":"STARK", "version":1446211671000}], "version":1446212305000}, {"damageType":"Broken", "damageTypeShortname":"GEBROCHEN", "damageDegreeList":[{"friendlyname":"Light", "shortname":"LEICHT", "version":1446211670000}, {"friendlyname":"Medium", "shortname":"MITTEL", "version":1446211671000}, {"friendlyname":"Heavy", "shortname":"STARK", "version":1446211671000}], "version":1446212307000}], "vehicleComponentShortname":"DOPPELMAULSCHLSSEL17X19", "vehicleComponentFriendlyname":"Open end wrench 17x19", "version":1446470861000}], "version":1446470861000}, "VP_11500832":{"vehicleComponentList":[{"damageTypeList":[{"damageType":"No original", "damageTypeShortname":"KEINORIGINAL", "damageDegreeList":[{"friendlyname":"Light", "shortname":"LEICHT", "version":1446211670000}, {"friendlyname":"Medium", "shortname":"MITTEL", "version":1446211671000}, {"friendlyname":"Heavy", "shortname":"STARK", "version":1446211671000}], "version":1446212299000}, {"damageType":"Missing", "damageTypeShortname":"FEHLT", "damageDegreeList":[{"friendlyname":"without", "shortname":"OHNE", "version":1446212133000}], "version":1446212302000}, {"damageType":"No function", "damageTypeShortname":"OHNEFUNKTION", "damageDegreeList":[{"friendlyname":"Light", "shortname":"LEICHT", "version":1446211670000}, {"friendlyname":"Medium", "shortname":"MITTEL", "version":1446211671000}, {"friendlyname":"Heavy", "shortname":"STARK", "version":1446211671000}], "version":1446212305000}, {"damageType":"Broken", "damageTypeShortname":"GEBROCHEN", "damageDegreeList":[{"friendlyname":"Light", "shortname":"LEICHT", "version":1446211670000}, {"friendlyname":"Medium", "shortname":"MITTEL", "version":1446211671000}, {"friendlyname":"Heavy", "shortname":"STARK", "version":1446211671000}], "version":1446212307000}], "vehicleComponentShortname":"WARNBLINKUNDARBEITSLEUCHTE", "vehicleComponentFriendlyname":"Warning & working light", "version":1446470949000}], "version":1446470949000}, "VP_11500822":{"vehicleComponentList":[{"damageTypeList":[{"damageType":"No original", "damageTypeShortname":"KEINORIGINAL", "damageDegreeList":[{"friendlyname":"Light", "shortname":"LEICHT", "version":1446211670000}, {"friendlyname":"Medium", "shortname":"MITTEL", "version":1446211671000}, {"friendlyname":"Heavy", "shortname":"STARK", "version":1446211671000}], "version":1446212299000}, {"damageType":"Missing", "damageTypeShortname":"FEHLT", "damageDegreeList":[{"friendlyname":"without", "shortname":"OHNE", "version":1446212133000}], "version":1446212302000}, {"damageType":"Deformed", "damageTypeShortname":"VERFORMT", "damageDegreeList":[{"friendlyname":"Light", "shortname":"LEICHT", "version":1446211670000}, {"friendlyname":"Medium", "shortname":"MITTEL", "version":1446211671000}, {"friendlyname":"Heavy", "shortname":"STARK", "version":1446211671000}], "version":1446212305000}, {"damageType":"Broken", "damageTypeShortname":"GEBROCHEN", "damageDegreeList":[{"friendlyname":"Light", "shortname":"LEICHT", "version":1446211670000}, {"friendlyname":"Medium", "shortname":"MITTEL", "version":1446211671000}, {"friendlyname":"Heavy", "shortname":"STARK", "version":1446211671000}], "version":1446212307000}], "vehicleComponentShortname":"DOPPELMAULSCHLSSEL27X30", "vehicleComponentFriendlyname":"Open end wrench 27x30", "version":1446470846000}, {"damageTypeList":[{"damageType":"Missing", "damageTypeShortname":"FEHLT", "damageDegreeList":[{"friendlyname":"without", "shortname":"OHNE", "version":1446212133000}], "version":1446212302000}, {"damageType":"Deformed", "damageTypeShortname":"VERFORMT", "damageDegreeList":[{"friendlyname":"Light", "shortname":"LEICHT", "version":1446211670000}, {"friendlyname":"Medium", "shortname":"MITTEL", "version":1446211671000}, {"friendlyname":"Heavy", "shortname":"STARK", "version":1446211671000}], "version":1446212305000}, {"damageType":"Broken", "damageTypeShortname":"GEBROCHEN", "damageDegreeList":[{"friendlyname":"Light", "shortname":"LEICHT", "version":1446211670000}, {"friendlyname":"Medium", "shortname":"MITTEL", "version":1446211671000}, {"friendlyname":"Heavy", "shortname":"STARK", "version":1446211671000}], "version":1446212307000}], "vehicleComponentShortname":"SPANNKLAUE", "vehicleComponentFriendlyname":"Clamping claw", "version":1446470936000}], "version":1446470936000}, "VP_11500831":{"vehicleComponentList":[{"damageTypeList":[{"damageType":"Missing", "damageTypeShortname":"FEHLT", "damageDegreeList":[{"friendlyname":"without", "shortname":"OHNE", "version":1446212133000}], "version":1446212302000}, {"damageType":"Deformed", "damageTypeShortname":"VERFORMT", "damageDegreeList":[{"friendlyname":"Light", "shortname":"LEICHT", "version":1446211670000}, {"friendlyname":"Medium", "shortname":"MITTEL", "version":1446211671000}, {"friendlyname":"Heavy", "shortname":"STARK", "version":1446211671000}], "version":1446212305000}], "vehicleComponentShortname":"MONTIERHEBEL", "vehicleComponentFriendlyname":"Mounting lever", "version":1446470852000}, {"damageTypeList":[{"damageType":"No original", "damageTypeShortname":"KEINORIGINAL", "damageDegreeList":[{"friendlyname":"Light", "shortname":"LEICHT", "version":1446211670000}, {"friendlyname":"Medium", "shortname":"MITTEL", "version":1446211671000}, {"friendlyname":"Heavy", "shortname":"STARK", "version":1446211671000}], "version":1446212299000}, {"damageType":"Missing", "damageTypeShortname":"FEHLT", "damageDegreeList":[{"friendlyname":"without", "shortname":"OHNE", "version":1446212133000}], "version":1446212302000}, {"damageType":"Broken", "damageTypeShortname":"GEBROCHEN", "damageDegreeList":[{"friendlyname":"Light", "shortname":"LEICHT", "version":1446211670000}, {"friendlyname":"Medium", "shortname":"MITTEL", "version":1446211671000}, {"friendlyname":"Heavy", "shortname":"STARK", "version":1446211671000}], "version":1446212307000}], "vehicleComponentShortname":"PUMPENHEBEL3TEILIG", "vehicleComponentFriendlyname":"Pump handle 3-part", "version":1446470921000}], "version":1446470921000}, "VP_11500830":{"vehicleComponentList":[{"damageTypeList":[{"damageType":"Missing", "damageTypeShortname":"FEHLT", "damageDegreeList":[{"friendlyname":"without", "shortname":"OHNE", "version":1446212133000}], "version":1446212302000}, {"damageType":"Broken", "damageTypeShortname":"GEBROCHEN", "damageDegreeList":[{"friendlyname":"Light", "shortname":"LEICHT", "version":1446211670000}, {"friendlyname":"Medium", "shortname":"MITTEL", "version":1446211671000}, {"friendlyname":"Heavy", "shortname":"STARK", "version":1446211671000}], "version":1446212307000}], "vehicleComponentShortname":"UNTERLEGKLOTZ", "vehicleComponentFriendlyname":"Supporting block", "version":1446470882000}], "version":1446470882000}, "VP_11500824":{"vehicleComponentList":[{"damageTypeList":[{"damageType":"No original", "damageTypeShortname":"KEINORIGINAL", "damageDegreeList":[{"friendlyname":"Light", "shortname":"LEICHT", "version":1446211670000}, {"friendlyname":"Medium", "shortname":"MITTEL", "version":1446211671000}, {"friendlyname":"Heavy", "shortname":"STARK", "version":1446211671000}], "version":1446212299000}, {"damageType":"Missing", "damageTypeShortname":"FEHLT", "damageDegreeList":[{"friendlyname":"without", "shortname":"OHNE", "version":1446212133000}], "version":1446212302000}], "vehicleComponentShortname":"WINKELSTCK", "vehicleComponentFriendlyname":"Elbow", "version":1466816904000}], "version":1466816904000}, "VP_11500861":{"vehicleComponentList":[{"damageTypeList":[{"damageType":"Missing", "damageTypeShortname":"FEHLT", "damageDegreeList":[{"friendlyname":"without", "shortname":"OHNE", "version":1446212133000}], "version":1446212302000}, {"damageType":"Deformed", "damageTypeShortname":"VERFORMT", "damageDegreeList":[{"friendlyname":"Light", "shortname":"LEICHT", "version":1446211670000}, {"friendlyname":"Medium", "shortname":"MITTEL", "version":1446211671000}, {"friendlyname":"Heavy", "shortname":"STARK", "version":1446211671000}], "version":1446212305000}], "vehicleComponentShortname":"ABSCHLEPPKUPPLUNG", "vehicleComponentFriendlyname":"Towing hitch", "version":1446470832000}, {"damageTypeList":[{"damageType":"No original", "damageTypeShortname":"KEINORIGINAL", "damageDegreeList":[{"friendlyname":"Light", "shortname":"LEICHT", "version":1446211670000}, {"friendlyname":"Medium", "shortname":"MITTEL", "version":1446211671000}, {"friendlyname":"Heavy", "shortname":"STARK", "version":1446211671000}], "version":1446212299000}, {"damageType":"Missing", "damageTypeShortname":"FEHLT", "damageDegreeList":[{"friendlyname":"without", "shortname":"OHNE", "version":1446212133000}], "version":1446212302000}, {"damageType":"Broken", "damageTypeShortname":"GEBROCHEN", "damageDegreeList":[{"friendlyname":"Light", "shortname":"LEICHT", "version":1446211670000}, {"friendlyname":"Medium", "shortname":"MITTEL", "version":1446211671000}, {"friendlyname":"Heavy", "shortname":"STARK", "version":1446211671000}], "version":1446212307000}], "vehicleComponentShortname":"RADMUTTERNSCHLSSEL", "vehicleComponentFriendlyname":"Wheel wrench", "version":1446470863000}, {"damageTypeList":[{"damageType":"Missing", "damageTypeShortname":"FEHLT", "damageDegreeList":[{"friendlyname":"without", "shortname":"OHNE", "version":1446212133000}], "version":1446212302000}], "vehicleComponentShortname":"VIERKANTSCHLSSEL", "vehicleComponentFriendlyname":"Square wrench", "version":1446470993000}], "version":1446470993000}, "VP_11504000":{"vehicleComponentList":[{"damageTypeList":[{"damageType":"Missing", "damageTypeShortname":"FEHLT", "damageDegreeList":[{"friendlyname":"without", "shortname":"OHNE", "version":1446212133000}], "version":1446212302000}], "vehicleComponentShortname":"REIFENFLLSCHLAUCHMITMANOMETER", "vehicleComponentFriendlyname":"Tyre inflating hose with manometer", "version":1446470854000}], "version":1446470854000}, "VP_11500825":{"vehicleComponentList":[{"damageTypeList":[{"damageType":"No original", "damageTypeShortname":"KEINORIGINAL", "damageDegreeList":[{"friendlyname":"Light", "shortname":"LEICHT", "version":1446211670000}, {"friendlyname":"Medium", "shortname":"MITTEL", "version":1446211671000}, {"friendlyname":"Heavy", "shortname":"STARK", "version":1446211671000}], "version":1446212299000}, {"damageType":"Missing", "damageTypeShortname":"FEHLT", "damageDegreeList":[{"friendlyname":"without", "shortname":"OHNE", "version":1446212133000}], "version":1446212302000}, {"damageType":"Torn", "damageTypeShortname":"GERISSEN", "damageDegreeList":[{"friendlyname":"Light", "shortname":"LEICHT", "version":1446211670000}, {"friendlyname":"Medium", "shortname":"MITTEL", "version":1446211671000}, {"friendlyname":"Heavy", "shortname":"STARK", "version":1446211671000}], "version":1446212304000}], "vehicleComponentShortname":"ROLLTASCHE", "vehicleComponentFriendlyname":"Trolley case", "version":1446470856000}, {"damageTypeList":[{"damageType":"Missing", "damageTypeShortname":"FEHLT", "damageDegreeList":[{"friendlyname":"without", "shortname":"OHNE", "version":1446212133000}], "version":1446212302000}, {"damageType":"Deformed", "damageTypeShortname":"VERFORMT", "damageDegreeList":[{"friendlyname":"Light", "shortname":"LEICHT", "version":1446211670000}, {"friendlyname":"Medium", "shortname":"MITTEL", "version":1446211671000}, {"friendlyname":"Heavy", "shortname":"STARK", "version":1446211671000}], "version":1446212305000}, {"damageType":"Rust formation", "damageTypeShortname":"ROSTANSATZ", "damageDegreeList":[{"friendlyname":"Light", "shortname":"LEICHT", "version":1446211670000}, {"friendlyname":"Medium", "shortname":"MITTEL", "version":1446211671000}, {"friendlyname":"Heavy", "shortname":"STARK", "version":1446211671000}], "version":1446212306000}, {"damageType":"Broken", "damageTypeShortname":"GEBROCHEN", "damageDegreeList":[{"friendlyname":"Light", "shortname":"LEICHT", "version":1446211670000}, {"friendlyname":"Medium", "shortname":"MITTEL", "version":1446211671000}, {"friendlyname":"Heavy", "shortname":"STARK", "version":1446211671000}], "version":1446212307000}], "vehicleComponentShortname":"BORDWERKZEUG", "vehicleComponentFriendlyname":"vehicle tool kit", "version":1446470867000}, {"damageTypeList":[{"damageType":"Missing", "damageTypeShortname":"FEHLT", "damageDegreeList":[{"friendlyname":"without", "shortname":"OHNE", "version":1446212133000}], "version":1446212302000}, {"damageType":"Torn", "damageTypeShortname":"GERISSEN", "damageDegreeList":[{"friendlyname":"Light", "shortname":"LEICHT", "version":1446211670000}, {"friendlyname":"Medium", "shortname":"MITTEL", "version":1446211671000}, {"friendlyname":"Heavy", "shortname":"STARK", "version":1446211671000}], "version":1446212304000}], "vehicleComponentShortname":"WERKZEUGTASCHE", "vehicleComponentFriendlyname":"Tool kit", "version":1446470942000}], "version":1446470942000}, "VP_11500860":{"vehicleComponentList":[{"damageTypeList":[{"damageType":"No original", "damageTypeShortname":"KEINORIGINAL", "damageDegreeList":[{"friendlyname":"Light", "shortname":"LEICHT", "version":1446211670000}, {"friendlyname":"Medium", "shortname":"MITTEL", "version":1446211671000}, {"friendlyname":"Heavy", "shortname":"STARK", "version":1446211671000}], "version":1446212299000}, {"damageType":"Missing", "damageTypeShortname":"FEHLT", "damageDegreeList":[{"friendlyname":"without", "shortname":"OHNE", "version":1446212133000}], "version":1446212302000}, {"damageType":"Incomplete", "damageTypeShortname":"UNVOLLSTAENDIG", "damageDegreeList":[{"friendlyname":"Light", "shortname":"LEICHT", "version":1446211670000}, {"friendlyname":"Medium", "shortname":"MITTEL", "version":1446211671000}, {"friendlyname":"Heavy", "shortname":"STARK", "version":1446211671000}], "version":1446212304000}, {"damageType":"Broken", "damageTypeShortname":"GEBROCHEN", "damageDegreeList":[{"friendlyname":"Light", "shortname":"LEICHT", "version":1446211670000}, {"friendlyname":"Medium", "shortname":"MITTEL", "version":1446211671000}, {"friendlyname":"Heavy", "shortname":"STARK", "version":1446211671000}], "version":1446212307000}], "vehicleComponentShortname":"ABZIEHER", "vehicleComponentFriendlyname":"Puller", "version":1446470942000}], "version":1446470942000}, "VP_11500826":{"vehicleComponentList":[{"damageTypeList":[{"damageType":"No original", "damageTypeShortname":"KEINORIGINAL", "damageDegreeList":[{"friendlyname":"Light", "shortname":"LEICHT", "version":1446211670000}, {"friendlyname":"Medium", "shortname":"MITTEL", "version":1446211671000}, {"friendlyname":"Heavy", "shortname":"STARK", "version":1446211671000}], "version":1446212299000}, {"damageType":"Missing", "damageTypeShortname":"FEHLT", "damageDegreeList":[{"friendlyname":"without", "shortname":"OHNE", "version":1446212133000}], "version":1446212302000}, {"damageType":"Broken", "damageTypeShortname":"GEBROCHEN", "damageDegreeList":[{"friendlyname":"Light", "shortname":"LEICHT", "version":1446211670000}, {"friendlyname":"Medium", "shortname":"MITTEL", "version":1446211671000}, {"friendlyname":"Heavy", "shortname":"STARK", "version":1446211671000}], "version":1446212307000}], "vehicleComponentShortname":"WASSERPUMPENZANGE", "vehicleComponentFriendlyname":"Water pump pliers", "version":1446470931000}], "version":1446470931000}, "VP_11500800":{"vehicleComponentList":[{"damageTypeList":[{"damageType":"No original", "damageTypeShortname":"KEINORIGINAL", "damageDegreeList":[{"friendlyname":"Light", "shortname":"LEICHT", "version":1446211670000}, {"friendlyname":"Medium", "shortname":"MITTEL", "version":1446211671000}, {"friendlyname":"Heavy", "shortname":"STARK", "version":1446211671000}], "version":1446212299000}, {"damageType":"Missing", "damageTypeShortname":"FEHLT", "damageDegreeList":[{"friendlyname":"without", "shortname":"OHNE", "version":1446212133000}], "version":1446212302000}, {"damageType":"Incomplete", "damageTypeShortname":"UNVOLLSTAENDIG", "damageDegreeList":[{"friendlyname":"Light", "shortname":"LEICHT", "version":1446211670000}, {"friendlyname":"Medium", "shortname":"MITTEL", "version":1446211671000}, {"friendlyname":"Heavy", "shortname":"STARK", "version":1446211671000}], "version":1446212304000}, {"damageType":"Broken", "damageTypeShortname":"GEBROCHEN", "damageDegreeList":[{"friendlyname":"Light", "shortname":"LEICHT", "version":1446211670000}, {"friendlyname":"Medium", "shortname":"MITTEL", "version":1446211671000}, {"friendlyname":"Heavy", "shortname":"STARK", "version":1446211671000}], "version":1446212307000}], "vehicleComponentShortname":"VERBANDSKASTEN", "vehicleComponentFriendlyname":"First-aid kit", "version":1446470899000}], "version":1446470899000}, "VP_11500854":{"vehicleComponentList":[{"damageTypeList":[{"damageType":"Missing", "damageTypeShortname":"FEHLT", "damageDegreeList":[{"friendlyname":"without", "shortname":"OHNE", "version":1446212133000}], "version":1446212302000}, {"damageType":"Incomplete", "damageTypeShortname":"UNVOLLSTAENDIG", "damageDegreeList":[{"friendlyname":"Light", "shortname":"LEICHT", "version":1446211670000}, {"friendlyname":"Medium", "shortname":"MITTEL", "version":1446211671000}, {"friendlyname":"Heavy", "shortname":"STARK", "version":1446211671000}], "version":1446212304000}], "vehicleComponentShortname":"EISKRATZER", "vehicleComponentFriendlyname":"Ice scraper", "version":1446470921000}], "version":1446470921000}, "VP_11500827":{"vehicleComponentList":[{"damageTypeList":[{"damageType":"No original", "damageTypeShortname":"KEINORIGINAL", "damageDegreeList":[{"friendlyname":"Light", "shortname":"LEICHT", "version":1446211670000}, {"friendlyname":"Medium", "shortname":"MITTEL", "version":1446211671000}, {"friendlyname":"Heavy", "shortname":"STARK", "version":1446211671000}], "version":1446212299000}, {"damageType":"Missing", "damageTypeShortname":"FEHLT", "damageDegreeList":[{"friendlyname":"without", "shortname":"OHNE", "version":1446212133000}], "version":1446212302000}, {"damageType":"Broken", "damageTypeShortname":"GEBROCHEN", "damageDegreeList":[{"friendlyname":"Light", "shortname":"LEICHT", "version":1446211670000}, {"friendlyname":"Medium", "shortname":"MITTEL", "version":1446211671000}, {"friendlyname":"Heavy", "shortname":"STARK", "version":1446211671000}], "version":1446212307000}], "vehicleComponentShortname":"RADMUTTERNSCHLSSEL", "vehicleComponentFriendlyname":"Wheel wrench", "version":1446470863000}, {"damageTypeList":[{"damageType":"Missing", "damageTypeShortname":"FEHLT", "damageDegreeList":[{"friendlyname":"without", "shortname":"OHNE", "version":1446212133000}], "version":1446212302000}], "vehicleComponentShortname":"VIERKANTSCHLSSEL", "vehicleComponentFriendlyname":"Square wrench", "version":1446470993000}], "version":1446470993000}, "VP_11500801":{"vehicleComponentList":[{"damageTypeList":[{"damageType":"Missing", "damageTypeShortname":"FEHLT", "damageDegreeList":[{"friendlyname":"without", "shortname":"OHNE", "version":1446212133000}], "version":1446212302000}], "vehicleComponentShortname":"WARNWESTE", "vehicleComponentFriendlyname":"Emergency vest", "version":1446470872000}], "version":1446470872000}, "VP_11500828":{"vehicleComponentList":[{"damageTypeList":[{"damageType":"No original", "damageTypeShortname":"KEINORIGINAL", "damageDegreeList":[{"friendlyname":"Light", "shortname":"LEICHT", "version":1446211670000}, {"friendlyname":"Medium", "shortname":"MITTEL", "version":1446211671000}, {"friendlyname":"Heavy", "shortname":"STARK", "version":1446211671000}], "version":1446212299000}, {"damageType":"Missing", "damageTypeShortname":"FEHLT", "damageDegreeList":[{"friendlyname":"without", "shortname":"OHNE", "version":1446212133000}], "version":1446212302000}, {"damageType":"Damaged", "damageTypeShortname":"BESCHAEDIGT", "damageDegreeList":[{"friendlyname":"Light", "shortname":"LEICHT", "version":1446211670000}, {"friendlyname":"Medium", "shortname":"MITTEL", "version":1446211671000}, {"friendlyname":"Heavy", "shortname":"STARK", "version":1446211671000}], "version":1446212306000}], "vehicleComponentShortname":"WAGENHEBERHYDRAULISCHTGA", "vehicleComponentFriendlyname":"Hydraulic vehicle jack TGA", "version":1446470864000}], "version":1446470864000}, "VP_11500802":{"vehicleComponentList":[{"damageTypeList":[{"damageType":"No original", "damageTypeShortname":"KEINORIGINAL", "damageDegreeList":[{"friendlyname":"Light", "shortname":"LEICHT", "version":1446211670000}, {"friendlyname":"Medium", "shortname":"MITTEL", "version":1446211671000}, {"friendlyname":"Heavy", "shortname":"STARK", "version":1446211671000}], "version":1446212299000}, {"damageType":"Missing", "damageTypeShortname":"FEHLT", "damageDegreeList":[{"friendlyname":"without", "shortname":"OHNE", "version":1446212133000}], "version":1446212302000}, {"damageType":"Torn", "damageTypeShortname":"GERISSEN", "damageDegreeList":[{"friendlyname":"Light", "shortname":"LEICHT", "version":1446211670000}, {"friendlyname":"Medium", "shortname":"MITTEL", "version":1446211671000}, {"friendlyname":"Heavy", "shortname":"STARK", "version":1446211671000}], "version":1446212304000}], "vehicleComponentShortname":"WARNDREIECK", "vehicleComponentFriendlyname":"Warning triangle", "version":1446470856000}], "version":1446470856000}, "VP_11500852":{"vehicleComponentList":[{"damageTypeList":[{"damageType":"No original", "damageTypeShortname":"KEINORIGINAL", "damageDegreeList":[{"friendlyname":"Light", "shortname":"LEICHT", "version":1446211670000}, {"friendlyname":"Medium", "shortname":"MITTEL", "version":1446211671000}, {"friendlyname":"Heavy", "shortname":"STARK", "version":1446211671000}], "version":1446212299000}, {"damageType":"Missing", "damageTypeShortname":"FEHLT", "damageDegreeList":[{"friendlyname":"without", "shortname":"OHNE", "version":1446212133000}], "version":1446212302000}, {"damageType":"Deformed", "damageTypeShortname":"VERFORMT", "damageDegreeList":[{"friendlyname":"Light", "shortname":"LEICHT", "version":1446211670000}, {"friendlyname":"Medium", "shortname":"MITTEL", "version":1446211671000}, {"friendlyname":"Heavy", "shortname":"STARK", "version":1446211671000}], "version":1446212305000}], "vehicleComponentShortname":"VERLNGERUNGSSTANGE", "vehicleComponentFriendlyname":"Extension bar", "version":1446470833000}], "version":1446470833000}, "VP_11500829":{"vehicleComponentList":[{"damageTypeList":[{"damageType":"No original", "damageTypeShortname":"KEINORIGINAL", "damageDegreeList":[{"friendlyname":"Light", "shortname":"LEICHT", "version":1446211670000}, {"friendlyname":"Medium", "shortname":"MITTEL", "version":1446211671000}, {"friendlyname":"Heavy", "shortname":"STARK", "version":1446211671000}], "version":1446212299000}, {"damageType":"Missing", "damageTypeShortname":"FEHLT", "damageDegreeList":[{"friendlyname":"without", "shortname":"OHNE", "version":1446212133000}], "version":1446212302000}, {"damageType":"Incomplete", "damageTypeShortname":"UNVOLLSTAENDIG", "damageDegreeList":[{"friendlyname":"Light", "shortname":"LEICHT", "version":1446211670000}, {"friendlyname":"Medium", "shortname":"MITTEL", "version":1446211671000}, {"friendlyname":"Heavy", "shortname":"STARK", "version":1446211671000}], "version":1446212304000}, {"damageType":"Broken", "damageTypeShortname":"GEBROCHEN", "damageDegreeList":[{"friendlyname":"Light", "shortname":"LEICHT", "version":1446211670000}, {"friendlyname":"Medium", "shortname":"MITTEL", "version":1446211671000}, {"friendlyname":"Heavy", "shortname":"STARK", "version":1446211671000}], "version":1446212307000}], "vehicleComponentShortname":"BITMAGAZINHALTER", "vehicleComponentFriendlyname":"Bit-magazine holder", "version":1446471000000}], "version":1446471000000}, "VP_11500899":{"vehicleComponentList":[{"damageTypeList":[{"damageType":"Missing", "damageTypeShortname":"FEHLT", "damageDegreeList":[{"friendlyname":"without", "shortname":"OHNE", "version":1446212133000}], "version":1446212302000}, {"damageType":"Deformed", "damageTypeShortname":"VERFORMT", "damageDegreeList":[{"friendlyname":"Light", "shortname":"LEICHT", "version":1446211670000}, {"friendlyname":"Medium", "shortname":"MITTEL", "version":1446211671000}, {"friendlyname":"Heavy", "shortname":"STARK", "version":1446211671000}], "version":1446212305000}, {"damageType":"Broken", "damageTypeShortname":"GEBROCHEN", "damageDegreeList":[{"friendlyname":"Light", "shortname":"LEICHT", "version":1446211670000}, {"friendlyname":"Medium", "shortname":"MITTEL", "version":1446211671000}, {"friendlyname":"Heavy", "shortname":"STARK", "version":1446211671000}], "version":1446212307000}], "vehicleComponentShortname":"SPANNKLAUE", "vehicleComponentFriendlyname":"Clamping claw", "version":1446470936000}], "version":1446470936000}}