{"VP_11500820":{"vehicleComponentList":[{"damageTypeList":[{"damageType":"Kein Original", "damageTypeShortname":"KEINORIGINAL", "damageDegreeList":[{"friendlyname":"Leicht", "shortname":"LEICHT", "version":1446211670000}, {"friendlyname":"Mittel", "shortname":"MITTEL", "version":1446211671000}, {"friendlyname":"Stark", "shortname":"STARK", "version":1446211671000}], "version":1446212299000}, {"damageType":"Fehlt", "damageTypeShortname":"FEHLT", "damageDegreeList":[{"friendlyname":"Ohne", "shortname":"OHNE", "version":1446212133000}], "version":1446212302000}, {"damageType":"Verformt", "damageTypeShortname":"VERFORMT", "damageDegreeList":[{"friendlyname":"Leicht", "shortname":"LEICHT", "version":1446211670000}, {"friendlyname":"Mittel", "shortname":"MITTEL", "version":1446211671000}, {"friendlyname":"Stark", "shortname":"STARK", "version":1446211671000}], "version":1446212305000}, {"damageType":"Gebrochen", "damageTypeShortname":"GEBROCHEN", "damageDegreeList":[{"friendlyname":"Leicht", "shortname":"LEICHT", "version":1446211670000}, {"friendlyname":"Mittel", "shortname":"MITTEL", "version":1446211671000}, {"friendlyname":"Stark", "shortname":"STARK", "version":1446211671000}], "version":1446212307000}], "vehicleComponentShortname":"DOPPELMAULSCHLSSEL10X13", "vehicleComponentFriendlyname":"Doppelmaulschl\u00fcssel 10x13", "version":1446470856000}], "version":1446470856000}, "VP_11500821":{"vehicleComponentList":[{"damageTypeList":[{"damageType":"Kein Original", "damageTypeShortname":"KEINORIGINAL", "damageDegreeList":[{"friendlyname":"Leicht", "shortname":"LEICHT", "version":1446211670000}, {"friendlyname":"Mittel", "shortname":"MITTEL", "version":1446211671000}, {"friendlyname":"Stark", "shortname":"STARK", "version":1446211671000}], "version":1446212299000}, {"damageType":"Fehlt", "damageTypeShortname":"FEHLT", "damageDegreeList":[{"friendlyname":"Ohne", "shortname":"OHNE", "version":1446212133000}], "version":1446212302000}, {"damageType":"Verformt", "damageTypeShortname":"VERFORMT", "damageDegreeList":[{"friendlyname":"Leicht", "shortname":"LEICHT", "version":1446211670000}, {"friendlyname":"Mittel", "shortname":"MITTEL", "version":1446211671000}, {"friendlyname":"Stark", "shortname":"STARK", "version":1446211671000}], "version":1446212305000}, {"damageType":"Gebrochen", "damageTypeShortname":"GEBROCHEN", "damageDegreeList":[{"friendlyname":"Leicht", "shortname":"LEICHT", "version":1446211670000}, {"friendlyname":"Mittel", "shortname":"MITTEL", "version":1446211671000}, {"friendlyname":"Stark", "shortname":"STARK", "version":1446211671000}], "version":1446212307000}], "vehicleComponentShortname":"DOPPELMAULSCHLSSEL17X19", "vehicleComponentFriendlyname":"Doppelmaulschl\u00fcssel 17x19", "version":1446470861000}], "version":1446470861000}, "VP_11500832":{"vehicleComponentList":[{"damageTypeList":[{"damageType":"Kein Original", "damageTypeShortname":"KEINORIGINAL", "damageDegreeList":[{"friendlyname":"Leicht", "shortname":"LEICHT", "version":1446211670000}, {"friendlyname":"Mittel", "shortname":"MITTEL", "version":1446211671000}, {"friendlyname":"Stark", "shortname":"STARK", "version":1446211671000}], "version":1446212299000}, {"damageType":"Fehlt", "damageTypeShortname":"FEHLT", "damageDegreeList":[{"friendlyname":"Ohne", "shortname":"OHNE", "version":1446212133000}], "version":1446212302000}, {"damageType":"Ohne Funktion", "damageTypeShortname":"OHNEFUNKTION", "damageDegreeList":[{"friendlyname":"Leicht", "shortname":"LEICHT", "version":1446211670000}, {"friendlyname":"Mittel", "shortname":"MITTEL", "version":1446211671000}, {"friendlyname":"Stark", "shortname":"STARK", "version":1446211671000}], "version":1446212305000}, {"damageType":"Gebrochen", "damageTypeShortname":"GEBROCHEN", "damageDegreeList":[{"friendlyname":"Leicht", "shortname":"LEICHT", "version":1446211670000}, {"friendlyname":"Mittel", "shortname":"MITTEL", "version":1446211671000}, {"friendlyname":"Stark", "shortname":"STARK", "version":1446211671000}], "version":1446212307000}], "vehicleComponentShortname":"WARNBLINKUNDARBEITSLEUCHTE", "vehicleComponentFriendlyname":"Warnblink und Arbeitsleuchte", "version":1446470949000}], "version":1446470949000}, "VP_11500822":{"vehicleComponentList":[{"damageTypeList":[{"damageType":"Kein Original", "damageTypeShortname":"KEINORIGINAL", "damageDegreeList":[{"friendlyname":"Leicht", "shortname":"LEICHT", "version":1446211670000}, {"friendlyname":"Mittel", "shortname":"MITTEL", "version":1446211671000}, {"friendlyname":"Stark", "shortname":"STARK", "version":1446211671000}], "version":1446212299000}, {"damageType":"Fehlt", "damageTypeShortname":"FEHLT", "damageDegreeList":[{"friendlyname":"Ohne", "shortname":"OHNE", "version":1446212133000}], "version":1446212302000}, {"damageType":"Verformt", "damageTypeShortname":"VERFORMT", "damageDegreeList":[{"friendlyname":"Leicht", "shortname":"LEICHT", "version":1446211670000}, {"friendlyname":"Mittel", "shortname":"MITTEL", "version":1446211671000}, {"friendlyname":"Stark", "shortname":"STARK", "version":1446211671000}], "version":1446212305000}, {"damageType":"Gebrochen", "damageTypeShortname":"GEBROCHEN", "damageDegreeList":[{"friendlyname":"Leicht", "shortname":"LEICHT", "version":1446211670000}, {"friendlyname":"Mittel", "shortname":"MITTEL", "version":1446211671000}, {"friendlyname":"Stark", "shortname":"STARK", "version":1446211671000}], "version":1446212307000}], "vehicleComponentShortname":"DOPPELMAULSCHLSSEL27X30", "vehicleComponentFriendlyname":"Doppelmaulschl\u00fcssel 27x30", "version":1446470846000}, {"damageTypeList":[{"damageType":"Fehlt", "damageTypeShortname":"FEHLT", "damageDegreeList":[{"friendlyname":"Ohne", "shortname":"OHNE", "version":1446212133000}], "version":1446212302000}, {"damageType":"Verformt", "damageTypeShortname":"VERFORMT", "damageDegreeList":[{"friendlyname":"Leicht", "shortname":"LEICHT", "version":1446211670000}, {"friendlyname":"Mittel", "shortname":"MITTEL", "version":1446211671000}, {"friendlyname":"Stark", "shortname":"STARK", "version":1446211671000}], "version":1446212305000}, {"damageType":"Gebrochen", "damageTypeShortname":"GEBROCHEN", "damageDegreeList":[{"friendlyname":"Leicht", "shortname":"LEICHT", "version":1446211670000}, {"friendlyname":"Mittel", "shortname":"MITTEL", "version":1446211671000}, {"friendlyname":"Stark", "shortname":"STARK", "version":1446211671000}], "version":1446212307000}], "vehicleComponentShortname":"SPANNKLAUE", "vehicleComponentFriendlyname":"Spannklaue", "version":1446470936000}], "version":1446470936000}, "VP_11500831":{"vehicleComponentList":[{"damageTypeList":[{"damageType":"Fehlt", "damageTypeShortname":"FEHLT", "damageDegreeList":[{"friendlyname":"Ohne", "shortname":"OHNE", "version":1446212133000}], "version":1446212302000}, {"damageType":"Verformt", "damageTypeShortname":"VERFORMT", "damageDegreeList":[{"friendlyname":"Leicht", "shortname":"LEICHT", "version":1446211670000}, {"friendlyname":"Mittel", "shortname":"MITTEL", "version":1446211671000}, {"friendlyname":"Stark", "shortname":"STARK", "version":1446211671000}], "version":1446212305000}], "vehicleComponentShortname":"MONTIERHEBEL", "vehicleComponentFriendlyname":"Montierhebel", "version":1446470852000}, {"damageTypeList":[{"damageType":"Kein Original", "damageTypeShortname":"KEINORIGINAL", "damageDegreeList":[{"friendlyname":"Leicht", "shortname":"LEICHT", "version":1446211670000}, {"friendlyname":"Mittel", "shortname":"MITTEL", "version":1446211671000}, {"friendlyname":"Stark", "shortname":"STARK", "version":1446211671000}], "version":1446212299000}, {"damageType":"Fehlt", "damageTypeShortname":"FEHLT", "damageDegreeList":[{"friendlyname":"Ohne", "shortname":"OHNE", "version":1446212133000}], "version":1446212302000}, {"damageType":"Gebrochen", "damageTypeShortname":"GEBROCHEN", "damageDegreeList":[{"friendlyname":"Leicht", "shortname":"LEICHT", "version":1446211670000}, {"friendlyname":"Mittel", "shortname":"MITTEL", "version":1446211671000}, {"friendlyname":"Stark", "shortname":"STARK", "version":1446211671000}], "version":1446212307000}], "vehicleComponentShortname":"PUMPENHEBEL3TEILIG", "vehicleComponentFriendlyname":"Pumpenhebel 3-Teilig", "version":1446470921000}], "version":1446470921000}, "VP_11500830":{"vehicleComponentList":[{"damageTypeList":[{"damageType":"Fehlt", "damageTypeShortname":"FEHLT", "damageDegreeList":[{"friendlyname":"Ohne", "shortname":"OHNE", "version":1446212133000}], "version":1446212302000}, {"damageType":"Gebrochen", "damageTypeShortname":"GEBROCHEN", "damageDegreeList":[{"friendlyname":"Leicht", "shortname":"LEICHT", "version":1446211670000}, {"friendlyname":"Mittel", "shortname":"MITTEL", "version":1446211671000}, {"friendlyname":"Stark", "shortname":"STARK", "version":1446211671000}], "version":1446212307000}], "vehicleComponentShortname":"UNTERLEGKLOTZ", "vehicleComponentFriendlyname":"Unterlegklotz", "version":1446470882000}], "version":1446470882000}, "VP_11500824":{"vehicleComponentList":[{"damageTypeList":[{"damageType":"Kein Original", "damageTypeShortname":"KEINORIGINAL", "damageDegreeList":[{"friendlyname":"Leicht", "shortname":"LEICHT", "version":1446211670000}, {"friendlyname":"Mittel", "shortname":"MITTEL", "version":1446211671000}, {"friendlyname":"Stark", "shortname":"STARK", "version":1446211671000}], "version":1446212299000}, {"damageType":"Fehlt", "damageTypeShortname":"FEHLT", "damageDegreeList":[{"friendlyname":"Ohne", "shortname":"OHNE", "version":1446212133000}], "version":1446212302000}], "vehicleComponentShortname":"WINKELSTCK", "vehicleComponentFriendlyname":"Winkelst\u00fcck", "version":1466816904000}], "version":1466816904000}, "VP_11500861":{"vehicleComponentList":[{"damageTypeList":[{"damageType":"Fehlt", "damageTypeShortname":"FEHLT", "damageDegreeList":[{"friendlyname":"Ohne", "shortname":"OHNE", "version":1446212133000}], "version":1446212302000}, {"damageType":"Verformt", "damageTypeShortname":"VERFORMT", "damageDegreeList":[{"friendlyname":"Leicht", "shortname":"LEICHT", "version":1446211670000}, {"friendlyname":"Mittel", "shortname":"MITTEL", "version":1446211671000}, {"friendlyname":"Stark", "shortname":"STARK", "version":1446211671000}], "version":1446212305000}], "vehicleComponentShortname":"ABSCHLEPPKUPPLUNG", "vehicleComponentFriendlyname":"Abschleppkupplung", "version":1446470832000}, {"damageTypeList":[{"damageType":"Kein Original", "damageTypeShortname":"KEINORIGINAL", "damageDegreeList":[{"friendlyname":"Leicht", "shortname":"LEICHT", "version":1446211670000}, {"friendlyname":"Mittel", "shortname":"MITTEL", "version":1446211671000}, {"friendlyname":"Stark", "shortname":"STARK", "version":1446211671000}], "version":1446212299000}, {"damageType":"Fehlt", "damageTypeShortname":"FEHLT", "damageDegreeList":[{"friendlyname":"Ohne", "shortname":"OHNE", "version":1446212133000}], "version":1446212302000}, {"damageType":"Gebrochen", "damageTypeShortname":"GEBROCHEN", "damageDegreeList":[{"friendlyname":"Leicht", "shortname":"LEICHT", "version":1446211670000}, {"friendlyname":"Mittel", "shortname":"MITTEL", "version":1446211671000}, {"friendlyname":"Stark", "shortname":"STARK", "version":1446211671000}], "version":1446212307000}], "vehicleComponentShortname":"RADMUTTERNSCHLSSEL", "vehicleComponentFriendlyname":"Radmutternschl\u00fcssel", "version":1446470863000}, {"damageTypeList":[{"damageType":"Fehlt", "damageTypeShortname":"FEHLT", "damageDegreeList":[{"friendlyname":"Ohne", "shortname":"OHNE", "version":1446212133000}], "version":1446212302000}], "vehicleComponentShortname":"VIERKANTSCHLSSEL", "vehicleComponentFriendlyname":"Vierkantschl\u00fcssel", "version":1446470993000}], "version":1446470993000}, "VP_11504000":{"vehicleComponentList":[{"damageTypeList":[{"damageType":"Fehlt", "damageTypeShortname":"FEHLT", "damageDegreeList":[{"friendlyname":"Ohne", "shortname":"OHNE", "version":1446212133000}], "version":1446212302000}], "vehicleComponentShortname":"REIFENFLLSCHLAUCHMITMANOMETER", "vehicleComponentFriendlyname":"Reifenf\u00fcllschlauch mit Manometer", "version":1446470854000}], "version":1446470854000}, "VP_11500825":{"vehicleComponentList":[{"damageTypeList":[{"damageType":"Kein Original", "damageTypeShortname":"KEINORIGINAL", "damageDegreeList":[{"friendlyname":"Leicht", "shortname":"LEICHT", "version":1446211670000}, {"friendlyname":"Mittel", "shortname":"MITTEL", "version":1446211671000}, {"friendlyname":"Stark", "shortname":"STARK", "version":1446211671000}], "version":1446212299000}, {"damageType":"Fehlt", "damageTypeShortname":"FEHLT", "damageDegreeList":[{"friendlyname":"Ohne", "shortname":"OHNE", "version":1446212133000}], "version":1446212302000}, {"damageType":"Gerissen", "damageTypeShortname":"GERISSEN", "damageDegreeList":[{"friendlyname":"Leicht", "shortname":"LEICHT", "version":1446211670000}, {"friendlyname":"Mittel", "shortname":"MITTEL", "version":1446211671000}, {"friendlyname":"Stark", "shortname":"STARK", "version":1446211671000}], "version":1446212304000}], "vehicleComponentShortname":"ROLLTASCHE", "vehicleComponentFriendlyname":"Rolltasche", "version":1446470856000}, {"damageTypeList":[{"damageType":"Fehlt", "damageTypeShortname":"FEHLT", "damageDegreeList":[{"friendlyname":"Ohne", "shortname":"OHNE", "version":1446212133000}], "version":1446212302000}, {"damageType":"Verformt", "damageTypeShortname":"VERFORMT", "damageDegreeList":[{"friendlyname":"Leicht", "shortname":"LEICHT", "version":1446211670000}, {"friendlyname":"Mittel", "shortname":"MITTEL", "version":1446211671000}, {"friendlyname":"Stark", "shortname":"STARK", "version":1446211671000}], "version":1446212305000}, {"damageType":"Rostansatz", "damageTypeShortname":"ROSTANSATZ", "damageDegreeList":[{"friendlyname":"Leicht", "shortname":"LEICHT", "version":1446211670000}, {"friendlyname":"Mittel", "shortname":"MITTEL", "version":1446211671000}, {"friendlyname":"Stark", "shortname":"STARK", "version":1446211671000}], "version":1446212306000}, {"damageType":"Gebrochen", "damageTypeShortname":"GEBROCHEN", "damageDegreeList":[{"friendlyname":"Leicht", "shortname":"LEICHT", "version":1446211670000}, {"friendlyname":"Mittel", "shortname":"MITTEL", "version":1446211671000}, {"friendlyname":"Stark", "shortname":"STARK", "version":1446211671000}], "version":1446212307000}], "vehicleComponentShortname":"BORDWERKZEUG", "vehicleComponentFriendlyname":"Bordwerkzeug", "version":1446470867000}, {"damageTypeList":[{"damageType":"Fehlt", "damageTypeShortname":"FEHLT", "damageDegreeList":[{"friendlyname":"Ohne", "shortname":"OHNE", "version":1446212133000}], "version":1446212302000}, {"damageType":"Gerissen", "damageTypeShortname":"GERISSEN", "damageDegreeList":[{"friendlyname":"Leicht", "shortname":"LEICHT", "version":1446211670000}, {"friendlyname":"Mittel", "shortname":"MITTEL", "version":1446211671000}, {"friendlyname":"Stark", "shortname":"STARK", "version":1446211671000}], "version":1446212304000}], "vehicleComponentShortname":"WERKZEUGTASCHE", "vehicleComponentFriendlyname":"Werkzeugtasche", "version":1446470942000}], "version":1446470942000}, "VP_11500860":{"vehicleComponentList":[{"damageTypeList":[{"damageType":"Kein Original", "damageTypeShortname":"KEINORIGINAL", "damageDegreeList":[{"friendlyname":"Leicht", "shortname":"LEICHT", "version":1446211670000}, {"friendlyname":"Mittel", "shortname":"MITTEL", "version":1446211671000}, {"friendlyname":"Stark", "shortname":"STARK", "version":1446211671000}], "version":1446212299000}, {"damageType":"Fehlt", "damageTypeShortname":"FEHLT", "damageDegreeList":[{"friendlyname":"Ohne", "shortname":"OHNE", "version":1446212133000}], "version":1446212302000}, {"damageType":"Unvollst\u00e4ndig", "damageTypeShortname":"UNVOLLSTAENDIG", "damageDegreeList":[{"friendlyname":"Leicht", "shortname":"LEICHT", "version":1446211670000}, {"friendlyname":"Mittel", "shortname":"MITTEL", "version":1446211671000}, {"friendlyname":"Stark", "shortname":"STARK", "version":1446211671000}], "version":1446212304000}, {"damageType":"Gebrochen", "damageTypeShortname":"GEBROCHEN", "damageDegreeList":[{"friendlyname":"Leicht", "shortname":"LEICHT", "version":1446211670000}, {"friendlyname":"Mittel", "shortname":"MITTEL", "version":1446211671000}, {"friendlyname":"Stark", "shortname":"STARK", "version":1446211671000}], "version":1446212307000}], "vehicleComponentShortname":"ABZIEHER", "vehicleComponentFriendlyname":"Abzieher", "version":1446470942000}], "version":1446470942000}, "VP_11500826":{"vehicleComponentList":[{"damageTypeList":[{"damageType":"Kein Original", "damageTypeShortname":"KEINORIGINAL", "damageDegreeList":[{"friendlyname":"Leicht", "shortname":"LEICHT", "version":1446211670000}, {"friendlyname":"Mittel", "shortname":"MITTEL", "version":1446211671000}, {"friendlyname":"Stark", "shortname":"STARK", "version":1446211671000}], "version":1446212299000}, {"damageType":"Fehlt", "damageTypeShortname":"FEHLT", "damageDegreeList":[{"friendlyname":"Ohne", "shortname":"OHNE", "version":1446212133000}], "version":1446212302000}, {"damageType":"Gebrochen", "damageTypeShortname":"GEBROCHEN", "damageDegreeList":[{"friendlyname":"Leicht", "shortname":"LEICHT", "version":1446211670000}, {"friendlyname":"Mittel", "shortname":"MITTEL", "version":1446211671000}, {"friendlyname":"Stark", "shortname":"STARK", "version":1446211671000}], "version":1446212307000}], "vehicleComponentShortname":"WASSERPUMPENZANGE", "vehicleComponentFriendlyname":"Wasserpumpenzange", "version":1446470931000}], "version":1446470931000}, "VP_11500800":{"vehicleComponentList":[{"damageTypeList":[{"damageType":"Kein Original", "damageTypeShortname":"KEINORIGINAL", "damageDegreeList":[{"friendlyname":"Leicht", "shortname":"LEICHT", "version":1446211670000}, {"friendlyname":"Mittel", "shortname":"MITTEL", "version":1446211671000}, {"friendlyname":"Stark", "shortname":"STARK", "version":1446211671000}], "version":1446212299000}, {"damageType":"Fehlt", "damageTypeShortname":"FEHLT", "damageDegreeList":[{"friendlyname":"Ohne", "shortname":"OHNE", "version":1446212133000}], "version":1446212302000}, {"damageType":"Unvollst\u00e4ndig", "damageTypeShortname":"UNVOLLSTAENDIG", "damageDegreeList":[{"friendlyname":"Leicht", "shortname":"LEICHT", "version":1446211670000}, {"friendlyname":"Mittel", "shortname":"MITTEL", "version":1446211671000}, {"friendlyname":"Stark", "shortname":"STARK", "version":1446211671000}], "version":1446212304000}, {"damageType":"Gebrochen", "damageTypeShortname":"GEBROCHEN", "damageDegreeList":[{"friendlyname":"Leicht", "shortname":"LEICHT", "version":1446211670000}, {"friendlyname":"Mittel", "shortname":"MITTEL", "version":1446211671000}, {"friendlyname":"Stark", "shortname":"STARK", "version":1446211671000}], "version":1446212307000}], "vehicleComponentShortname":"VERBANDSKASTEN", "vehicleComponentFriendlyname":"Verbandskasten", "version":1446470899000}], "version":1446470899000}, "VP_11500854":{"vehicleComponentList":[{"damageTypeList":[{"damageType":"Fehlt", "damageTypeShortname":"FEHLT", "damageDegreeList":[{"friendlyname":"Ohne", "shortname":"OHNE", "version":1446212133000}], "version":1446212302000}, {"damageType":"Unvollst\u00e4ndig", "damageTypeShortname":"UNVOLLSTAENDIG", "damageDegreeList":[{"friendlyname":"Leicht", "shortname":"LEICHT", "version":1446211670000}, {"friendlyname":"Mittel", "shortname":"MITTEL", "version":1446211671000}, {"friendlyname":"Stark", "shortname":"STARK", "version":1446211671000}], "version":1446212304000}], "vehicleComponentShortname":"EISKRATZER", "vehicleComponentFriendlyname":"Eiskratzer", "version":1446470921000}], "version":1446470921000}, "VP_11500827":{"vehicleComponentList":[{"damageTypeList":[{"damageType":"Kein Original", "damageTypeShortname":"KEINORIGINAL", "damageDegreeList":[{"friendlyname":"Leicht", "shortname":"LEICHT", "version":1446211670000}, {"friendlyname":"Mittel", "shortname":"MITTEL", "version":1446211671000}, {"friendlyname":"Stark", "shortname":"STARK", "version":1446211671000}], "version":1446212299000}, {"damageType":"Fehlt", "damageTypeShortname":"FEHLT", "damageDegreeList":[{"friendlyname":"Ohne", "shortname":"OHNE", "version":1446212133000}], "version":1446212302000}, {"damageType":"Gebrochen", "damageTypeShortname":"GEBROCHEN", "damageDegreeList":[{"friendlyname":"Leicht", "shortname":"LEICHT", "version":1446211670000}, {"friendlyname":"Mittel", "shortname":"MITTEL", "version":1446211671000}, {"friendlyname":"Stark", "shortname":"STARK", "version":1446211671000}], "version":1446212307000}], "vehicleComponentShortname":"RADMUTTERNSCHLSSEL", "vehicleComponentFriendlyname":"Radmutternschl\u00fcssel", "version":1446470863000}, {"damageTypeList":[{"damageType":"Fehlt", "damageTypeShortname":"FEHLT", "damageDegreeList":[{"friendlyname":"Ohne", "shortname":"OHNE", "version":1446212133000}], "version":1446212302000}], "vehicleComponentShortname":"VIERKANTSCHLSSEL", "vehicleComponentFriendlyname":"Vierkantschl\u00fcssel", "version":1446470993000}], "version":1446470993000}, "VP_11500801":{"vehicleComponentList":[{"damageTypeList":[{"damageType":"Fehlt", "damageTypeShortname":"FEHLT", "damageDegreeList":[{"friendlyname":"Ohne", "shortname":"OHNE", "version":1446212133000}], "version":1446212302000}], "vehicleComponentShortname":"WARNWESTE", "vehicleComponentFriendlyname":"Warnweste", "version":1446470872000}], "version":1446470872000}, "VP_11500828":{"vehicleComponentList":[{"damageTypeList":[{"damageType":"Kein Original", "damageTypeShortname":"KEINORIGINAL", "damageDegreeList":[{"friendlyname":"Leicht", "shortname":"LEICHT", "version":1446211670000}, {"friendlyname":"Mittel", "shortname":"MITTEL", "version":1446211671000}, {"friendlyname":"Stark", "shortname":"STARK", "version":1446211671000}], "version":1446212299000}, {"damageType":"Fehlt", "damageTypeShortname":"FEHLT", "damageDegreeList":[{"friendlyname":"Ohne", "shortname":"OHNE", "version":1446212133000}], "version":1446212302000}, {"damageType":"Besch\u00e4digt", "damageTypeShortname":"BESCHAEDIGT", "damageDegreeList":[{"friendlyname":"Leicht", "shortname":"LEICHT", "version":1446211670000}, {"friendlyname":"Mittel", "shortname":"MITTEL", "version":1446211671000}, {"friendlyname":"Stark", "shortname":"STARK", "version":1446211671000}], "version":1446212306000}], "vehicleComponentShortname":"WAGENHEBERHYDRAULISCHTGA", "vehicleComponentFriendlyname":"Wagenheber Hydraulisch TGA", "version":1446470864000}], "version":1446470864000}, "VP_11500802":{"vehicleComponentList":[{"damageTypeList":[{"damageType":"Kein Original", "damageTypeShortname":"KEINORIGINAL", "damageDegreeList":[{"friendlyname":"Leicht", "shortname":"LEICHT", "version":1446211670000}, {"friendlyname":"Mittel", "shortname":"MITTEL", "version":1446211671000}, {"friendlyname":"Stark", "shortname":"STARK", "version":1446211671000}], "version":1446212299000}, {"damageType":"Fehlt", "damageTypeShortname":"FEHLT", "damageDegreeList":[{"friendlyname":"Ohne", "shortname":"OHNE", "version":1446212133000}], "version":1446212302000}, {"damageType":"Gerissen", "damageTypeShortname":"GERISSEN", "damageDegreeList":[{"friendlyname":"Leicht", "shortname":"LEICHT", "version":1446211670000}, {"friendlyname":"Mittel", "shortname":"MITTEL", "version":1446211671000}, {"friendlyname":"Stark", "shortname":"STARK", "version":1446211671000}], "version":1446212304000}], "vehicleComponentShortname":"WARNDREIECK", "vehicleComponentFriendlyname":"Warndreieck", "version":1446470856000}], "version":1446470856000}, "VP_11500852":{"vehicleComponentList":[{"damageTypeList":[{"damageType":"Kein Original", "damageTypeShortname":"KEINORIGINAL", "damageDegreeList":[{"friendlyname":"Leicht", "shortname":"LEICHT", "version":1446211670000}, {"friendlyname":"Mittel", "shortname":"MITTEL", "version":1446211671000}, {"friendlyname":"Stark", "shortname":"STARK", "version":1446211671000}], "version":1446212299000}, {"damageType":"Fehlt", "damageTypeShortname":"FEHLT", "damageDegreeList":[{"friendlyname":"Ohne", "shortname":"OHNE", "version":1446212133000}], "version":1446212302000}, {"damageType":"Verformt", "damageTypeShortname":"VERFORMT", "damageDegreeList":[{"friendlyname":"Leicht", "shortname":"LEICHT", "version":1446211670000}, {"friendlyname":"Mittel", "shortname":"MITTEL", "version":1446211671000}, {"friendlyname":"Stark", "shortname":"STARK", "version":1446211671000}], "version":1446212305000}], "vehicleComponentShortname":"VERLNGERUNGSSTANGE", "vehicleComponentFriendlyname":"Verl\u00e4ngerungsstange", "version":1446470833000}], "version":1446470833000}, "VP_11500829":{"vehicleComponentList":[{"damageTypeList":[{"damageType":"Kein Original", "damageTypeShortname":"KEINORIGINAL", "damageDegreeList":[{"friendlyname":"Leicht", "shortname":"LEICHT", "version":1446211670000}, {"friendlyname":"Mittel", "shortname":"MITTEL", "version":1446211671000}, {"friendlyname":"Stark", "shortname":"STARK", "version":1446211671000}], "version":1446212299000}, {"damageType":"Fehlt", "damageTypeShortname":"FEHLT", "damageDegreeList":[{"friendlyname":"Ohne", "shortname":"OHNE", "version":1446212133000}], "version":1446212302000}, {"damageType":"Unvollst\u00e4ndig", "damageTypeShortname":"UNVOLLSTAENDIG", "damageDegreeList":[{"friendlyname":"Leicht", "shortname":"LEICHT", "version":1446211670000}, {"friendlyname":"Mittel", "shortname":"MITTEL", "version":1446211671000}, {"friendlyname":"Stark", "shortname":"STARK", "version":1446211671000}], "version":1446212304000}, {"damageType":"Gebrochen", "damageTypeShortname":"GEBROCHEN", "damageDegreeList":[{"friendlyname":"Leicht", "shortname":"LEICHT", "version":1446211670000}, {"friendlyname":"Mittel", "shortname":"MITTEL", "version":1446211671000}, {"friendlyname":"Stark", "shortname":"STARK", "version":1446211671000}], "version":1446212307000}], "vehicleComponentShortname":"BITMAGAZINHALTER", "vehicleComponentFriendlyname":"Bit-Magazinhalter", "version":1446471000000}], "version":1446471000000}, "VP_11500899":{"vehicleComponentList":[{"damageTypeList":[{"damageType":"Fehlt", "damageTypeShortname":"FEHLT", "damageDegreeList":[{"friendlyname":"Ohne", "shortname":"OHNE", "version":1446212133000}], "version":1446212302000}, {"damageType":"Verformt", "damageTypeShortname":"VERFORMT", "damageDegreeList":[{"friendlyname":"Leicht", "shortname":"LEICHT", "version":1446211670000}, {"friendlyname":"Mittel", "shortname":"MITTEL", "version":1446211671000}, {"friendlyname":"Stark", "shortname":"STARK", "version":1446211671000}], "version":1446212305000}, {"damageType":"Gebrochen", "damageTypeShortname":"GEBROCHEN", "damageDegreeList":[{"friendlyname":"Leicht", "shortname":"LEICHT", "version":1446211670000}, {"friendlyname":"Mittel", "shortname":"MITTEL", "version":1446211671000}, {"friendlyname":"Stark", "shortname":"STARK", "version":1446211671000}], "version":1446212307000}], "vehicleComponentShortname":"SPANNKLAUE", "vehicleComponentFriendlyname":"Spannklaue", "version":1446470936000}], "version":1446470936000}}