{"VP_11500820":{"vehicleComponentList":[{"damageTypeList":[{"damageType":"Uoriginal", "damageTypeShortname":"KEINORIGINAL", "damageDegreeList":[{"friendlyname":"Let", "shortname":"LEICHT", "version":1446211670000}, {"friendlyname":"Middel", "shortname":"MITTEL", "version":1446211671000}, {"friendlyname":"St\u00e6rk", "shortname":"STARK", "version":1446211671000}], "version":1446212299000}, {"damageType":"Mangler", "damageTypeShortname":"FEHLT", "damageDegreeList":[{"friendlyname":"Uden", "shortname":"OHNE", "version":1446212133000}], "version":1446212302000}, {"damageType":"Deformeret", "damageTypeShortname":"VERFORMT", "damageDegreeList":[{"friendlyname":"Let", "shortname":"LEICHT", "version":1446211670000}, {"friendlyname":"Middel", "shortname":"MITTEL", "version":1446211671000}, {"friendlyname":"St\u00e6rk", "shortname":"STARK", "version":1446211671000}], "version":1446212305000}, {"damageType":"Br\u00e6kket", "damageTypeShortname":"GEBROCHEN", "damageDegreeList":[{"friendlyname":"Let", "shortname":"LEICHT", "version":1446211670000}, {"friendlyname":"Middel", "shortname":"MITTEL", "version":1446211671000}, {"friendlyname":"St\u00e6rk", "shortname":"STARK", "version":1446211671000}], "version":1446212307000}], "vehicleComponentShortname":"DOPPELMAULSCHLSSEL10X13", "vehicleComponentFriendlyname":"Dobbelt gaffeln\u00f8gle 10x13", "version":1446470856000}], "version":1446470856000}, "VP_11500821":{"vehicleComponentList":[{"damageTypeList":[{"damageType":"Uoriginal", "damageTypeShortname":"KEINORIGINAL", "damageDegreeList":[{"friendlyname":"Let", "shortname":"LEICHT", "version":1446211670000}, {"friendlyname":"Middel", "shortname":"MITTEL", "version":1446211671000}, {"friendlyname":"St\u00e6rk", "shortname":"STARK", "version":1446211671000}], "version":1446212299000}, {"damageType":"Mangler", "damageTypeShortname":"FEHLT", "damageDegreeList":[{"friendlyname":"Uden", "shortname":"OHNE", "version":1446212133000}], "version":1446212302000}, {"damageType":"Deformeret", "damageTypeShortname":"VERFORMT", "damageDegreeList":[{"friendlyname":"Let", "shortname":"LEICHT", "version":1446211670000}, {"friendlyname":"Middel", "shortname":"MITTEL", "version":1446211671000}, {"friendlyname":"St\u00e6rk", "shortname":"STARK", "version":1446211671000}], "version":1446212305000}, {"damageType":"Br\u00e6kket", "damageTypeShortname":"GEBROCHEN", "damageDegreeList":[{"friendlyname":"Let", "shortname":"LEICHT", "version":1446211670000}, {"friendlyname":"Middel", "shortname":"MITTEL", "version":1446211671000}, {"friendlyname":"St\u00e6rk", "shortname":"STARK", "version":1446211671000}], "version":1446212307000}], "vehicleComponentShortname":"DOPPELMAULSCHLSSEL17X19", "vehicleComponentFriendlyname":"Dobbelt gaffeln\u00f8gle 17x19", "version":1446470861000}], "version":1446470861000}, "VP_11500832":{"vehicleComponentList":[{"damageTypeList":[{"damageType":"Uoriginal", "damageTypeShortname":"KEINORIGINAL", "damageDegreeList":[{"friendlyname":"Let", "shortname":"LEICHT", "version":1446211670000}, {"friendlyname":"Middel", "shortname":"MITTEL", "version":1446211671000}, {"friendlyname":"St\u00e6rk", "shortname":"STARK", "version":1446211671000}], "version":1446212299000}, {"damageType":"Mangler", "damageTypeShortname":"FEHLT", "damageDegreeList":[{"friendlyname":"Uden", "shortname":"OHNE", "version":1446212133000}], "version":1446212302000}, {"damageType":"Uden funktion", "damageTypeShortname":"OHNEFUNKTION", "damageDegreeList":[{"friendlyname":"Let", "shortname":"LEICHT", "version":1446211670000}, {"friendlyname":"Middel", "shortname":"MITTEL", "version":1446211671000}, {"friendlyname":"St\u00e6rk", "shortname":"STARK", "version":1446211671000}], "version":1446212305000}, {"damageType":"Br\u00e6kket", "damageTypeShortname":"GEBROCHEN", "damageDegreeList":[{"friendlyname":"Let", "shortname":"LEICHT", "version":1446211670000}, {"friendlyname":"Middel", "shortname":"MITTEL", "version":1446211671000}, {"friendlyname":"St\u00e6rk", "shortname":"STARK", "version":1446211671000}], "version":1446212307000}], "vehicleComponentShortname":"WARNBLINKUNDARBEITSLEUCHTE", "vehicleComponentFriendlyname":"Advarselsblink og arbejdslampe", "version":1446470949000}], "version":1446470949000}, "VP_11500822":{"vehicleComponentList":[{"damageTypeList":[{"damageType":"Uoriginal", "damageTypeShortname":"KEINORIGINAL", "damageDegreeList":[{"friendlyname":"Let", "shortname":"LEICHT", "version":1446211670000}, {"friendlyname":"Middel", "shortname":"MITTEL", "version":1446211671000}, {"friendlyname":"St\u00e6rk", "shortname":"STARK", "version":1446211671000}], "version":1446212299000}, {"damageType":"Mangler", "damageTypeShortname":"FEHLT", "damageDegreeList":[{"friendlyname":"Uden", "shortname":"OHNE", "version":1446212133000}], "version":1446212302000}, {"damageType":"Deformeret", "damageTypeShortname":"VERFORMT", "damageDegreeList":[{"friendlyname":"Let", "shortname":"LEICHT", "version":1446211670000}, {"friendlyname":"Middel", "shortname":"MITTEL", "version":1446211671000}, {"friendlyname":"St\u00e6rk", "shortname":"STARK", "version":1446211671000}], "version":1446212305000}, {"damageType":"Br\u00e6kket", "damageTypeShortname":"GEBROCHEN", "damageDegreeList":[{"friendlyname":"Let", "shortname":"LEICHT", "version":1446211670000}, {"friendlyname":"Middel", "shortname":"MITTEL", "version":1446211671000}, {"friendlyname":"St\u00e6rk", "shortname":"STARK", "version":1446211671000}], "version":1446212307000}], "vehicleComponentShortname":"DOPPELMAULSCHLSSEL27X30", "vehicleComponentFriendlyname":"Dobbelt gaffeln\u00f8gle 27x30", "version":1446470846000}, {"damageTypeList":[{"damageType":"Mangler", "damageTypeShortname":"FEHLT", "damageDegreeList":[{"friendlyname":"Uden", "shortname":"OHNE", "version":1446212133000}], "version":1446212302000}, {"damageType":"Deformeret", "damageTypeShortname":"VERFORMT", "damageDegreeList":[{"friendlyname":"Let", "shortname":"LEICHT", "version":1446211670000}, {"friendlyname":"Middel", "shortname":"MITTEL", "version":1446211671000}, {"friendlyname":"St\u00e6rk", "shortname":"STARK", "version":1446211671000}], "version":1446212305000}, {"damageType":"Br\u00e6kket", "damageTypeShortname":"GEBROCHEN", "damageDegreeList":[{"friendlyname":"Let", "shortname":"LEICHT", "version":1446211670000}, {"friendlyname":"Middel", "shortname":"MITTEL", "version":1446211671000}, {"friendlyname":"St\u00e6rk", "shortname":"STARK", "version":1446211671000}], "version":1446212307000}], "vehicleComponentShortname":"SPANNKLAUE", "vehicleComponentFriendlyname":"Sp\u00e6ndeklo", "version":1446470936000}], "version":1446470936000}, "VP_11500831":{"vehicleComponentList":[{"damageTypeList":[{"damageType":"Mangler", "damageTypeShortname":"FEHLT", "damageDegreeList":[{"friendlyname":"Uden", "shortname":"OHNE", "version":1446212133000}], "version":1446212302000}, {"damageType":"Deformeret", "damageTypeShortname":"VERFORMT", "damageDegreeList":[{"friendlyname":"Let", "shortname":"LEICHT", "version":1446211670000}, {"friendlyname":"Middel", "shortname":"MITTEL", "version":1446211671000}, {"friendlyname":"St\u00e6rk", "shortname":"STARK", "version":1446211671000}], "version":1446212305000}], "vehicleComponentShortname":"MONTIERHEBEL", "vehicleComponentFriendlyname":"Monteringsgreb", "version":1446470852000}, {"damageTypeList":[{"damageType":"Uoriginal", "damageTypeShortname":"KEINORIGINAL", "damageDegreeList":[{"friendlyname":"Let", "shortname":"LEICHT", "version":1446211670000}, {"friendlyname":"Middel", "shortname":"MITTEL", "version":1446211671000}, {"friendlyname":"St\u00e6rk", "shortname":"STARK", "version":1446211671000}], "version":1446212299000}, {"damageType":"Mangler", "damageTypeShortname":"FEHLT", "damageDegreeList":[{"friendlyname":"Uden", "shortname":"OHNE", "version":1446212133000}], "version":1446212302000}, {"damageType":"Br\u00e6kket", "damageTypeShortname":"GEBROCHEN", "damageDegreeList":[{"friendlyname":"Let", "shortname":"LEICHT", "version":1446211670000}, {"friendlyname":"Middel", "shortname":"MITTEL", "version":1446211671000}, {"friendlyname":"St\u00e6rk", "shortname":"STARK", "version":1446211671000}], "version":1446212307000}], "vehicleComponentShortname":"PUMPENHEBEL3TEILIG", "vehicleComponentFriendlyname":"Pumpegreb 3-dels", "version":1446470921000}], "version":1446470921000}, "VP_11500830":{"vehicleComponentList":[{"damageTypeList":[{"damageType":"Mangler", "damageTypeShortname":"FEHLT", "damageDegreeList":[{"friendlyname":"Uden", "shortname":"OHNE", "version":1446212133000}], "version":1446212302000}, {"damageType":"Br\u00e6kket", "damageTypeShortname":"GEBROCHEN", "damageDegreeList":[{"friendlyname":"Let", "shortname":"LEICHT", "version":1446211670000}, {"friendlyname":"Middel", "shortname":"MITTEL", "version":1446211671000}, {"friendlyname":"St\u00e6rk", "shortname":"STARK", "version":1446211671000}], "version":1446212307000}], "vehicleComponentShortname":"UNTERLEGKLOTZ", "vehicleComponentFriendlyname":"Underl\u00e6gningsklods", "version":1446470882000}], "version":1446470882000}, "VP_11500824":{"vehicleComponentList":[{"damageTypeList":[{"damageType":"Uoriginal", "damageTypeShortname":"KEINORIGINAL", "damageDegreeList":[{"friendlyname":"Let", "shortname":"LEICHT", "version":1446211670000}, {"friendlyname":"Middel", "shortname":"MITTEL", "version":1446211671000}, {"friendlyname":"St\u00e6rk", "shortname":"STARK", "version":1446211671000}], "version":1446212299000}, {"damageType":"Mangler", "damageTypeShortname":"FEHLT", "damageDegreeList":[{"friendlyname":"Uden", "shortname":"OHNE", "version":1446212133000}], "version":1446212302000}], "vehicleComponentShortname":"WINKELSTCK", "vehicleComponentFriendlyname":"R\u00f8rb\u00f8jning", "version":1466816904000}], "version":1466816904000}, "VP_11500861":{"vehicleComponentList":[{"damageTypeList":[{"damageType":"Mangler", "damageTypeShortname":"FEHLT", "damageDegreeList":[{"friendlyname":"Uden", "shortname":"OHNE", "version":1446212133000}], "version":1446212302000}, {"damageType":"Deformeret", "damageTypeShortname":"VERFORMT", "damageDegreeList":[{"friendlyname":"Let", "shortname":"LEICHT", "version":1446211670000}, {"friendlyname":"Middel", "shortname":"MITTEL", "version":1446211671000}, {"friendlyname":"St\u00e6rk", "shortname":"STARK", "version":1446211671000}], "version":1446212305000}], "vehicleComponentShortname":"ABSCHLEPPKUPPLUNG", "vehicleComponentFriendlyname":"Bugserkobling", "version":1446470832000}, {"damageTypeList":[{"damageType":"Uoriginal", "damageTypeShortname":"KEINORIGINAL", "damageDegreeList":[{"friendlyname":"Let", "shortname":"LEICHT", "version":1446211670000}, {"friendlyname":"Middel", "shortname":"MITTEL", "version":1446211671000}, {"friendlyname":"St\u00e6rk", "shortname":"STARK", "version":1446211671000}], "version":1446212299000}, {"damageType":"Mangler", "damageTypeShortname":"FEHLT", "damageDegreeList":[{"friendlyname":"Uden", "shortname":"OHNE", "version":1446212133000}], "version":1446212302000}, {"damageType":"Br\u00e6kket", "damageTypeShortname":"GEBROCHEN", "damageDegreeList":[{"friendlyname":"Let", "shortname":"LEICHT", "version":1446211670000}, {"friendlyname":"Middel", "shortname":"MITTEL", "version":1446211671000}, {"friendlyname":"St\u00e6rk", "shortname":"STARK", "version":1446211671000}], "version":1446212307000}], "vehicleComponentShortname":"RADMUTTERNSCHLSSEL", "vehicleComponentFriendlyname":"Hjulm\u00f8trikn\u00f8gle", "version":1446470863000}, {"damageTypeList":[{"damageType":"Mangler", "damageTypeShortname":"FEHLT", "damageDegreeList":[{"friendlyname":"Uden", "shortname":"OHNE", "version":1446212133000}], "version":1446212302000}], "vehicleComponentShortname":"VIERKANTSCHLSSEL", "vehicleComponentFriendlyname":"Firkantn\u00f8gle", "version":1446470993000}], "version":1446470993000}, "VP_11504000":{"vehicleComponentList":[{"damageTypeList":[{"damageType":"Mangler", "damageTypeShortname":"FEHLT", "damageDegreeList":[{"friendlyname":"Uden", "shortname":"OHNE", "version":1446212133000}], "version":1446212302000}], "vehicleComponentShortname":"REIFENFLLSCHLAUCHMITMANOMETER", "vehicleComponentFriendlyname":"D\u00e6kp\u00e5fyldningsslange med manometer", "version":1446470854000}], "version":1446470854000}, "VP_11500825":{"vehicleComponentList":[{"damageTypeList":[{"damageType":"Uoriginal", "damageTypeShortname":"KEINORIGINAL", "damageDegreeList":[{"friendlyname":"Let", "shortname":"LEICHT", "version":1446211670000}, {"friendlyname":"Middel", "shortname":"MITTEL", "version":1446211671000}, {"friendlyname":"St\u00e6rk", "shortname":"STARK", "version":1446211671000}], "version":1446212299000}, {"damageType":"Mangler", "damageTypeShortname":"FEHLT", "damageDegreeList":[{"friendlyname":"Uden", "shortname":"OHNE", "version":1446212133000}], "version":1446212302000}, {"damageType":"Revnet", "damageTypeShortname":"GERISSEN", "damageDegreeList":[{"friendlyname":"Let", "shortname":"LEICHT", "version":1446211670000}, {"friendlyname":"Middel", "shortname":"MITTEL", "version":1446211671000}, {"friendlyname":"St\u00e6rk", "shortname":"STARK", "version":1446211671000}], "version":1446212304000}], "vehicleComponentShortname":"ROLLTASCHE", "vehicleComponentFriendlyname":"V\u00e6rkt\u00f8jstaske", "version":1446470856000}, {"damageTypeList":[{"damageType":"Mangler", "damageTypeShortname":"FEHLT", "damageDegreeList":[{"friendlyname":"Uden", "shortname":"OHNE", "version":1446212133000}], "version":1446212302000}, {"damageType":"Deformeret", "damageTypeShortname":"VERFORMT", "damageDegreeList":[{"friendlyname":"Let", "shortname":"LEICHT", "version":1446211670000}, {"friendlyname":"Middel", "shortname":"MITTEL", "version":1446211671000}, {"friendlyname":"St\u00e6rk", "shortname":"STARK", "version":1446211671000}], "version":1446212305000}, {"damageType":"Rustdannelse", "damageTypeShortname":"ROSTANSATZ", "damageDegreeList":[{"friendlyname":"Let", "shortname":"LEICHT", "version":1446211670000}, {"friendlyname":"Middel", "shortname":"MITTEL", "version":1446211671000}, {"friendlyname":"St\u00e6rk", "shortname":"STARK", "version":1446211671000}], "version":1446212306000}, {"damageType":"Br\u00e6kket", "damageTypeShortname":"GEBROCHEN", "damageDegreeList":[{"friendlyname":"Let", "shortname":"LEICHT", "version":1446211670000}, {"friendlyname":"Middel", "shortname":"MITTEL", "version":1446211671000}, {"friendlyname":"St\u00e6rk", "shortname":"STARK", "version":1446211671000}], "version":1446212307000}], "vehicleComponentShortname":"BORDWERKZEUG", "vehicleComponentFriendlyname":"Bordwerkzeug", "version":1446470867000}, {"damageTypeList":[{"damageType":"Mangler", "damageTypeShortname":"FEHLT", "damageDegreeList":[{"friendlyname":"Uden", "shortname":"OHNE", "version":1446212133000}], "version":1446212302000}, {"damageType":"Revnet", "damageTypeShortname":"GERISSEN", "damageDegreeList":[{"friendlyname":"Let", "shortname":"LEICHT", "version":1446211670000}, {"friendlyname":"Middel", "shortname":"MITTEL", "version":1446211671000}, {"friendlyname":"St\u00e6rk", "shortname":"STARK", "version":1446211671000}], "version":1446212304000}], "vehicleComponentShortname":"WERKZEUGTASCHE", "vehicleComponentFriendlyname":"V\u00e6rkt\u00f8jstaske", "version":1446470942000}], "version":1446470942000}, "VP_11500860":{"vehicleComponentList":[{"damageTypeList":[{"damageType":"Uoriginal", "damageTypeShortname":"KEINORIGINAL", "damageDegreeList":[{"friendlyname":"Let", "shortname":"LEICHT", "version":1446211670000}, {"friendlyname":"Middel", "shortname":"MITTEL", "version":1446211671000}, {"friendlyname":"St\u00e6rk", "shortname":"STARK", "version":1446211671000}], "version":1446212299000}, {"damageType":"Mangler", "damageTypeShortname":"FEHLT", "damageDegreeList":[{"friendlyname":"Uden", "shortname":"OHNE", "version":1446212133000}], "version":1446212302000}, {"damageType":"Ikke komplet", "damageTypeShortname":"UNVOLLSTAENDIG", "damageDegreeList":[{"friendlyname":"Let", "shortname":"LEICHT", "version":1446211670000}, {"friendlyname":"Middel", "shortname":"MITTEL", "version":1446211671000}, {"friendlyname":"St\u00e6rk", "shortname":"STARK", "version":1446211671000}], "version":1446212304000}, {"damageType":"Br\u00e6kket", "damageTypeShortname":"GEBROCHEN", "damageDegreeList":[{"friendlyname":"Let", "shortname":"LEICHT", "version":1446211670000}, {"friendlyname":"Middel", "shortname":"MITTEL", "version":1446211671000}, {"friendlyname":"St\u00e6rk", "shortname":"STARK", "version":1446211671000}], "version":1446212307000}], "vehicleComponentShortname":"ABZIEHER", "vehicleComponentFriendlyname":"Aftr\u00e6kker", "version":1446470942000}], "version":1446470942000}, "VP_11500826":{"vehicleComponentList":[{"damageTypeList":[{"damageType":"Uoriginal", "damageTypeShortname":"KEINORIGINAL", "damageDegreeList":[{"friendlyname":"Let", "shortname":"LEICHT", "version":1446211670000}, {"friendlyname":"Middel", "shortname":"MITTEL", "version":1446211671000}, {"friendlyname":"St\u00e6rk", "shortname":"STARK", "version":1446211671000}], "version":1446212299000}, {"damageType":"Mangler", "damageTypeShortname":"FEHLT", "damageDegreeList":[{"friendlyname":"Uden", "shortname":"OHNE", "version":1446212133000}], "version":1446212302000}, {"damageType":"Br\u00e6kket", "damageTypeShortname":"GEBROCHEN", "damageDegreeList":[{"friendlyname":"Let", "shortname":"LEICHT", "version":1446211670000}, {"friendlyname":"Middel", "shortname":"MITTEL", "version":1446211671000}, {"friendlyname":"St\u00e6rk", "shortname":"STARK", "version":1446211671000}], "version":1446212307000}], "vehicleComponentShortname":"WASSERPUMPENZANGE", "vehicleComponentFriendlyname":"Vandpumpetang", "version":1446470931000}], "version":1446470931000}, "VP_11500800":{"vehicleComponentList":[{"damageTypeList":[{"damageType":"Uoriginal", "damageTypeShortname":"KEINORIGINAL", "damageDegreeList":[{"friendlyname":"Let", "shortname":"LEICHT", "version":1446211670000}, {"friendlyname":"Middel", "shortname":"MITTEL", "version":1446211671000}, {"friendlyname":"St\u00e6rk", "shortname":"STARK", "version":1446211671000}], "version":1446212299000}, {"damageType":"Mangler", "damageTypeShortname":"FEHLT", "damageDegreeList":[{"friendlyname":"Uden", "shortname":"OHNE", "version":1446212133000}], "version":1446212302000}, {"damageType":"Ikke komplet", "damageTypeShortname":"UNVOLLSTAENDIG", "damageDegreeList":[{"friendlyname":"Let", "shortname":"LEICHT", "version":1446211670000}, {"friendlyname":"Middel", "shortname":"MITTEL", "version":1446211671000}, {"friendlyname":"St\u00e6rk", "shortname":"STARK", "version":1446211671000}], "version":1446212304000}, {"damageType":"Br\u00e6kket", "damageTypeShortname":"GEBROCHEN", "damageDegreeList":[{"friendlyname":"Let", "shortname":"LEICHT", "version":1446211670000}, {"friendlyname":"Middel", "shortname":"MITTEL", "version":1446211671000}, {"friendlyname":"St\u00e6rk", "shortname":"STARK", "version":1446211671000}], "version":1446212307000}], "vehicleComponentShortname":"VERBANDSKASTEN", "vehicleComponentFriendlyname":"N\u00f8dhj\u00e6lpskasse", "version":1446470899000}], "version":1446470899000}, "VP_11500854":{"vehicleComponentList":[{"damageTypeList":[{"damageType":"Mangler", "damageTypeShortname":"FEHLT", "damageDegreeList":[{"friendlyname":"Uden", "shortname":"OHNE", "version":1446212133000}], "version":1446212302000}, {"damageType":"Ikke komplet", "damageTypeShortname":"UNVOLLSTAENDIG", "damageDegreeList":[{"friendlyname":"Let", "shortname":"LEICHT", "version":1446211670000}, {"friendlyname":"Middel", "shortname":"MITTEL", "version":1446211671000}, {"friendlyname":"St\u00e6rk", "shortname":"STARK", "version":1446211671000}], "version":1446212304000}], "vehicleComponentShortname":"EISKRATZER", "vehicleComponentFriendlyname":"Isskraber", "version":1446470921000}], "version":1446470921000}, "VP_11500827":{"vehicleComponentList":[{"damageTypeList":[{"damageType":"Uoriginal", "damageTypeShortname":"KEINORIGINAL", "damageDegreeList":[{"friendlyname":"Let", "shortname":"LEICHT", "version":1446211670000}, {"friendlyname":"Middel", "shortname":"MITTEL", "version":1446211671000}, {"friendlyname":"St\u00e6rk", "shortname":"STARK", "version":1446211671000}], "version":1446212299000}, {"damageType":"Mangler", "damageTypeShortname":"FEHLT", "damageDegreeList":[{"friendlyname":"Uden", "shortname":"OHNE", "version":1446212133000}], "version":1446212302000}, {"damageType":"Br\u00e6kket", "damageTypeShortname":"GEBROCHEN", "damageDegreeList":[{"friendlyname":"Let", "shortname":"LEICHT", "version":1446211670000}, {"friendlyname":"Middel", "shortname":"MITTEL", "version":1446211671000}, {"friendlyname":"St\u00e6rk", "shortname":"STARK", "version":1446211671000}], "version":1446212307000}], "vehicleComponentShortname":"RADMUTTERNSCHLSSEL", "vehicleComponentFriendlyname":"Hjulm\u00f8trikn\u00f8gle", "version":1446470863000}, {"damageTypeList":[{"damageType":"Mangler", "damageTypeShortname":"FEHLT", "damageDegreeList":[{"friendlyname":"Uden", "shortname":"OHNE", "version":1446212133000}], "version":1446212302000}], "vehicleComponentShortname":"VIERKANTSCHLSSEL", "vehicleComponentFriendlyname":"Firkantn\u00f8gle", "version":1446470993000}], "version":1446470993000}, "VP_11500801":{"vehicleComponentList":[{"damageTypeList":[{"damageType":"Mangler", "damageTypeShortname":"FEHLT", "damageDegreeList":[{"friendlyname":"Uden", "shortname":"OHNE", "version":1446212133000}], "version":1446212302000}], "vehicleComponentShortname":"WARNWESTE", "vehicleComponentFriendlyname":"Advarselsvest", "version":1446470872000}], "version":1446470872000}, "VP_11500828":{"vehicleComponentList":[{"damageTypeList":[{"damageType":"Uoriginal", "damageTypeShortname":"KEINORIGINAL", "damageDegreeList":[{"friendlyname":"Let", "shortname":"LEICHT", "version":1446211670000}, {"friendlyname":"Middel", "shortname":"MITTEL", "version":1446211671000}, {"friendlyname":"St\u00e6rk", "shortname":"STARK", "version":1446211671000}], "version":1446212299000}, {"damageType":"Mangler", "damageTypeShortname":"FEHLT", "damageDegreeList":[{"friendlyname":"Uden", "shortname":"OHNE", "version":1446212133000}], "version":1446212302000}, {"damageType":"Beskadiget", "damageTypeShortname":"BESCHAEDIGT", "damageDegreeList":[{"friendlyname":"Let", "shortname":"LEICHT", "version":1446211670000}, {"friendlyname":"Middel", "shortname":"MITTEL", "version":1446211671000}, {"friendlyname":"St\u00e6rk", "shortname":"STARK", "version":1446211671000}], "version":1446212306000}], "vehicleComponentShortname":"WAGENHEBERHYDRAULISCHTGA", "vehicleComponentFriendlyname":"Donkraft, hydraulisk TGA", "version":1446470864000}], "version":1446470864000}, "VP_11500802":{"vehicleComponentList":[{"damageTypeList":[{"damageType":"Uoriginal", "damageTypeShortname":"KEINORIGINAL", "damageDegreeList":[{"friendlyname":"Let", "shortname":"LEICHT", "version":1446211670000}, {"friendlyname":"Middel", "shortname":"MITTEL", "version":1446211671000}, {"friendlyname":"St\u00e6rk", "shortname":"STARK", "version":1446211671000}], "version":1446212299000}, {"damageType":"Mangler", "damageTypeShortname":"FEHLT", "damageDegreeList":[{"friendlyname":"Uden", "shortname":"OHNE", "version":1446212133000}], "version":1446212302000}, {"damageType":"Revnet", "damageTypeShortname":"GERISSEN", "damageDegreeList":[{"friendlyname":"Let", "shortname":"LEICHT", "version":1446211670000}, {"friendlyname":"Middel", "shortname":"MITTEL", "version":1446211671000}, {"friendlyname":"St\u00e6rk", "shortname":"STARK", "version":1446211671000}], "version":1446212304000}], "vehicleComponentShortname":"WARNDREIECK", "vehicleComponentFriendlyname":"Advarselstrekant", "version":1446470856000}], "version":1446470856000}, "VP_11500852":{"vehicleComponentList":[{"damageTypeList":[{"damageType":"Uoriginal", "damageTypeShortname":"KEINORIGINAL", "damageDegreeList":[{"friendlyname":"Let", "shortname":"LEICHT", "version":1446211670000}, {"friendlyname":"Middel", "shortname":"MITTEL", "version":1446211671000}, {"friendlyname":"St\u00e6rk", "shortname":"STARK", "version":1446211671000}], "version":1446212299000}, {"damageType":"Mangler", "damageTypeShortname":"FEHLT", "damageDegreeList":[{"friendlyname":"Uden", "shortname":"OHNE", "version":1446212133000}], "version":1446212302000}, {"damageType":"Deformeret", "damageTypeShortname":"VERFORMT", "damageDegreeList":[{"friendlyname":"Let", "shortname":"LEICHT", "version":1446211670000}, {"friendlyname":"Middel", "shortname":"MITTEL", "version":1446211671000}, {"friendlyname":"St\u00e6rk", "shortname":"STARK", "version":1446211671000}], "version":1446212305000}], "vehicleComponentShortname":"VERLNGERUNGSSTANGE", "vehicleComponentFriendlyname":"Forl\u00e6ngerstang", "version":1446470833000}], "version":1446470833000}, "VP_11500829":{"vehicleComponentList":[{"damageTypeList":[{"damageType":"Uoriginal", "damageTypeShortname":"KEINORIGINAL", "damageDegreeList":[{"friendlyname":"Let", "shortname":"LEICHT", "version":1446211670000}, {"friendlyname":"Middel", "shortname":"MITTEL", "version":1446211671000}, {"friendlyname":"St\u00e6rk", "shortname":"STARK", "version":1446211671000}], "version":1446212299000}, {"damageType":"Mangler", "damageTypeShortname":"FEHLT", "damageDegreeList":[{"friendlyname":"Uden", "shortname":"OHNE", "version":1446212133000}], "version":1446212302000}, {"damageType":"Ikke komplet", "damageTypeShortname":"UNVOLLSTAENDIG", "damageDegreeList":[{"friendlyname":"Let", "shortname":"LEICHT", "version":1446211670000}, {"friendlyname":"Middel", "shortname":"MITTEL", "version":1446211671000}, {"friendlyname":"St\u00e6rk", "shortname":"STARK", "version":1446211671000}], "version":1446212304000}, {"damageType":"Br\u00e6kket", "damageTypeShortname":"GEBROCHEN", "damageDegreeList":[{"friendlyname":"Let", "shortname":"LEICHT", "version":1446211670000}, {"friendlyname":"Middel", "shortname":"MITTEL", "version":1446211671000}, {"friendlyname":"St\u00e6rk", "shortname":"STARK", "version":1446211671000}], "version":1446212307000}], "vehicleComponentShortname":"BITMAGAZINHALTER", "vehicleComponentFriendlyname":"Bitmagasinholder", "version":1446471000000}], "version":1446471000000}, "VP_11500899":{"vehicleComponentList":[{"damageTypeList":[{"damageType":"Mangler", "damageTypeShortname":"FEHLT", "damageDegreeList":[{"friendlyname":"Uden", "shortname":"OHNE", "version":1446212133000}], "version":1446212302000}, {"damageType":"Deformeret", "damageTypeShortname":"VERFORMT", "damageDegreeList":[{"friendlyname":"Let", "shortname":"LEICHT", "version":1446211670000}, {"friendlyname":"Middel", "shortname":"MITTEL", "version":1446211671000}, {"friendlyname":"St\u00e6rk", "shortname":"STARK", "version":1446211671000}], "version":1446212305000}, {"damageType":"Br\u00e6kket", "damageTypeShortname":"GEBROCHEN", "damageDegreeList":[{"friendlyname":"Let", "shortname":"LEICHT", "version":1446211670000}, {"friendlyname":"Middel", "shortname":"MITTEL", "version":1446211671000}, {"friendlyname":"St\u00e6rk", "shortname":"STARK", "version":1446211671000}], "version":1446212307000}], "vehicleComponentShortname":"SPANNKLAUE", "vehicleComponentFriendlyname":"Sp\u00e6ndeklo", "version":1446470936000}], "version":1446470936000}}