{"VP_11500820":{"vehicleComponentList":[{"damageTypeList":[{"damageType":"Pas d'original", "damageTypeShortname":"KEINORIGINAL", "damageDegreeList":[{"friendlyname":"L\u00e9ger", "shortname":"LEICHT", "version":1446211670000}, {"friendlyname":"Moyen", "shortname":"MITTEL", "version":1446211671000}, {"friendlyname":"Fort", "shortname":"STARK", "version":1446211671000}], "version":1446212299000}, {"damageType":"Manque", "damageTypeShortname":"FEHLT", "damageDegreeList":[{"friendlyname":"Sans", "shortname":"OHNE", "version":1446212133000}], "version":1446212302000}, {"damageType":"D\u00e9form\u00e9", "damageTypeShortname":"VERFORMT", "damageDegreeList":[{"friendlyname":"L\u00e9ger", "shortname":"LEICHT", "version":1446211670000}, {"friendlyname":"Moyen", "shortname":"MITTEL", "version":1446211671000}, {"friendlyname":"Fort", "shortname":"STARK", "version":1446211671000}], "version":1446212305000}, {"damageType":"Rompu", "damageTypeShortname":"GEBROCHEN", "damageDegreeList":[{"friendlyname":"L\u00e9ger", "shortname":"LEICHT", "version":1446211670000}, {"friendlyname":"Moyen", "shortname":"MITTEL", "version":1446211671000}, {"friendlyname":"Fort", "shortname":"STARK", "version":1446211671000}], "version":1446212307000}], "vehicleComponentShortname":"DOPPELMAULSCHLSSEL10X13", "vehicleComponentFriendlyname":"Cl\u00e9 \u00e0 fourche double 10x13", "version":1446470856000}], "version":1446470856000}, "VP_11500821":{"vehicleComponentList":[{"damageTypeList":[{"damageType":"Pas d'original", "damageTypeShortname":"KEINORIGINAL", "damageDegreeList":[{"friendlyname":"L\u00e9ger", "shortname":"LEICHT", "version":1446211670000}, {"friendlyname":"Moyen", "shortname":"MITTEL", "version":1446211671000}, {"friendlyname":"Fort", "shortname":"STARK", "version":1446211671000}], "version":1446212299000}, {"damageType":"Manque", "damageTypeShortname":"FEHLT", "damageDegreeList":[{"friendlyname":"Sans", "shortname":"OHNE", "version":1446212133000}], "version":1446212302000}, {"damageType":"D\u00e9form\u00e9", "damageTypeShortname":"VERFORMT", "damageDegreeList":[{"friendlyname":"L\u00e9ger", "shortname":"LEICHT", "version":1446211670000}, {"friendlyname":"Moyen", "shortname":"MITTEL", "version":1446211671000}, {"friendlyname":"Fort", "shortname":"STARK", "version":1446211671000}], "version":1446212305000}, {"damageType":"Rompu", "damageTypeShortname":"GEBROCHEN", "damageDegreeList":[{"friendlyname":"L\u00e9ger", "shortname":"LEICHT", "version":1446211670000}, {"friendlyname":"Moyen", "shortname":"MITTEL", "version":1446211671000}, {"friendlyname":"Fort", "shortname":"STARK", "version":1446211671000}], "version":1446212307000}], "vehicleComponentShortname":"DOPPELMAULSCHLSSEL17X19", "vehicleComponentFriendlyname":"Cl\u00e9 \u00e0 fourche double 17x19", "version":1446470861000}], "version":1446470861000}, "VP_11500832":{"vehicleComponentList":[{"damageTypeList":[{"damageType":"Pas d'original", "damageTypeShortname":"KEINORIGINAL", "damageDegreeList":[{"friendlyname":"L\u00e9ger", "shortname":"LEICHT", "version":1446211670000}, {"friendlyname":"Moyen", "shortname":"MITTEL", "version":1446211671000}, {"friendlyname":"Fort", "shortname":"STARK", "version":1446211671000}], "version":1446212299000}, {"damageType":"Manque", "damageTypeShortname":"FEHLT", "damageDegreeList":[{"friendlyname":"Sans", "shortname":"OHNE", "version":1446212133000}], "version":1446212302000}, {"damageType":"Sans fonction", "damageTypeShortname":"OHNEFUNKTION", "damageDegreeList":[{"friendlyname":"L\u00e9ger", "shortname":"LEICHT", "version":1446211670000}, {"friendlyname":"Moyen", "shortname":"MITTEL", "version":1446211671000}, {"friendlyname":"Fort", "shortname":"STARK", "version":1446211671000}], "version":1446212305000}, {"damageType":"Rompu", "damageTypeShortname":"GEBROCHEN", "damageDegreeList":[{"friendlyname":"L\u00e9ger", "shortname":"LEICHT", "version":1446211670000}, {"friendlyname":"Moyen", "shortname":"MITTEL", "version":1446211671000}, {"friendlyname":"Fort", "shortname":"STARK", "version":1446211671000}], "version":1446212307000}], "vehicleComponentShortname":"WARNBLINKUNDARBEITSLEUCHTE", "vehicleComponentFriendlyname":"Feu de d\u00e9tresse et baladeuse", "version":1446470949000}], "version":1446470949000}, "VP_11500822":{"vehicleComponentList":[{"damageTypeList":[{"damageType":"Pas d'original", "damageTypeShortname":"KEINORIGINAL", "damageDegreeList":[{"friendlyname":"L\u00e9ger", "shortname":"LEICHT", "version":1446211670000}, {"friendlyname":"Moyen", "shortname":"MITTEL", "version":1446211671000}, {"friendlyname":"Fort", "shortname":"STARK", "version":1446211671000}], "version":1446212299000}, {"damageType":"Manque", "damageTypeShortname":"FEHLT", "damageDegreeList":[{"friendlyname":"Sans", "shortname":"OHNE", "version":1446212133000}], "version":1446212302000}, {"damageType":"D\u00e9form\u00e9", "damageTypeShortname":"VERFORMT", "damageDegreeList":[{"friendlyname":"L\u00e9ger", "shortname":"LEICHT", "version":1446211670000}, {"friendlyname":"Moyen", "shortname":"MITTEL", "version":1446211671000}, {"friendlyname":"Fort", "shortname":"STARK", "version":1446211671000}], "version":1446212305000}, {"damageType":"Rompu", "damageTypeShortname":"GEBROCHEN", "damageDegreeList":[{"friendlyname":"L\u00e9ger", "shortname":"LEICHT", "version":1446211670000}, {"friendlyname":"Moyen", "shortname":"MITTEL", "version":1446211671000}, {"friendlyname":"Fort", "shortname":"STARK", "version":1446211671000}], "version":1446212307000}], "vehicleComponentShortname":"DOPPELMAULSCHLSSEL27X30", "vehicleComponentFriendlyname":"Cl\u00e9 \u00e0 fourche double 27x30", "version":1446470846000}, {"damageTypeList":[{"damageType":"Manque", "damageTypeShortname":"FEHLT", "damageDegreeList":[{"friendlyname":"Sans", "shortname":"OHNE", "version":1446212133000}], "version":1446212302000}, {"damageType":"D\u00e9form\u00e9", "damageTypeShortname":"VERFORMT", "damageDegreeList":[{"friendlyname":"L\u00e9ger", "shortname":"LEICHT", "version":1446211670000}, {"friendlyname":"Moyen", "shortname":"MITTEL", "version":1446211671000}, {"friendlyname":"Fort", "shortname":"STARK", "version":1446211671000}], "version":1446212305000}, {"damageType":"Rompu", "damageTypeShortname":"GEBROCHEN", "damageDegreeList":[{"friendlyname":"L\u00e9ger", "shortname":"LEICHT", "version":1446211670000}, {"friendlyname":"Moyen", "shortname":"MITTEL", "version":1446211671000}, {"friendlyname":"Fort", "shortname":"STARK", "version":1446211671000}], "version":1446212307000}], "vehicleComponentShortname":"SPANNKLAUE", "vehicleComponentFriendlyname":"Griffe de serrage", "version":1446470936000}], "version":1446470936000}, "VP_11500831":{"vehicleComponentList":[{"damageTypeList":[{"damageType":"Manque", "damageTypeShortname":"FEHLT", "damageDegreeList":[{"friendlyname":"Sans", "shortname":"OHNE", "version":1446212133000}], "version":1446212302000}, {"damageType":"D\u00e9form\u00e9", "damageTypeShortname":"VERFORMT", "damageDegreeList":[{"friendlyname":"L\u00e9ger", "shortname":"LEICHT", "version":1446211670000}, {"friendlyname":"Moyen", "shortname":"MITTEL", "version":1446211671000}, {"friendlyname":"Fort", "shortname":"STARK", "version":1446211671000}], "version":1446212305000}], "vehicleComponentShortname":"MONTIERHEBEL", "vehicleComponentFriendlyname":"Levier de montage", "version":1446470852000}, {"damageTypeList":[{"damageType":"Pas d'original", "damageTypeShortname":"KEINORIGINAL", "damageDegreeList":[{"friendlyname":"L\u00e9ger", "shortname":"LEICHT", "version":1446211670000}, {"friendlyname":"Moyen", "shortname":"MITTEL", "version":1446211671000}, {"friendlyname":"Fort", "shortname":"STARK", "version":1446211671000}], "version":1446212299000}, {"damageType":"Manque", "damageTypeShortname":"FEHLT", "damageDegreeList":[{"friendlyname":"Sans", "shortname":"OHNE", "version":1446212133000}], "version":1446212302000}, {"damageType":"Rompu", "damageTypeShortname":"GEBROCHEN", "damageDegreeList":[{"friendlyname":"L\u00e9ger", "shortname":"LEICHT", "version":1446211670000}, {"friendlyname":"Moyen", "shortname":"MITTEL", "version":1446211671000}, {"friendlyname":"Fort", "shortname":"STARK", "version":1446211671000}], "version":1446212307000}], "vehicleComponentShortname":"PUMPENHEBEL3TEILIG", "vehicleComponentFriendlyname":"Levier de pompage 3 pi\u00e8ces", "version":1446470921000}], "version":1446470921000}, "VP_11500830":{"vehicleComponentList":[{"damageTypeList":[{"damageType":"Manque", "damageTypeShortname":"FEHLT", "damageDegreeList":[{"friendlyname":"Sans", "shortname":"OHNE", "version":1446212133000}], "version":1446212302000}, {"damageType":"Rompu", "damageTypeShortname":"GEBROCHEN", "damageDegreeList":[{"friendlyname":"L\u00e9ger", "shortname":"LEICHT", "version":1446211670000}, {"friendlyname":"Moyen", "shortname":"MITTEL", "version":1446211671000}, {"friendlyname":"Fort", "shortname":"STARK", "version":1446211671000}], "version":1446212307000}], "vehicleComponentShortname":"UNTERLEGKLOTZ", "vehicleComponentFriendlyname":"Cale", "version":1446470882000}], "version":1446470882000}, "VP_11500824":{"vehicleComponentList":[{"damageTypeList":[{"damageType":"Pas d'original", "damageTypeShortname":"KEINORIGINAL", "damageDegreeList":[{"friendlyname":"L\u00e9ger", "shortname":"LEICHT", "version":1446211670000}, {"friendlyname":"Moyen", "shortname":"MITTEL", "version":1446211671000}, {"friendlyname":"Fort", "shortname":"STARK", "version":1446211671000}], "version":1446212299000}, {"damageType":"Manque", "damageTypeShortname":"FEHLT", "damageDegreeList":[{"friendlyname":"Sans", "shortname":"OHNE", "version":1446212133000}], "version":1446212302000}], "vehicleComponentShortname":"WINKELSTCK", "vehicleComponentFriendlyname":"Corni\u00e8re", "version":1466816904000}], "version":1466816904000}, "VP_11500861":{"vehicleComponentList":[{"damageTypeList":[{"damageType":"Manque", "damageTypeShortname":"FEHLT", "damageDegreeList":[{"friendlyname":"Sans", "shortname":"OHNE", "version":1446212133000}], "version":1446212302000}, {"damageType":"D\u00e9form\u00e9", "damageTypeShortname":"VERFORMT", "damageDegreeList":[{"friendlyname":"L\u00e9ger", "shortname":"LEICHT", "version":1446211670000}, {"friendlyname":"Moyen", "shortname":"MITTEL", "version":1446211671000}, {"friendlyname":"Fort", "shortname":"STARK", "version":1446211671000}], "version":1446212305000}], "vehicleComponentShortname":"ABSCHLEPPKUPPLUNG", "vehicleComponentFriendlyname":"Attelage de remorquage", "version":1446470832000}, {"damageTypeList":[{"damageType":"Pas d'original", "damageTypeShortname":"KEINORIGINAL", "damageDegreeList":[{"friendlyname":"L\u00e9ger", "shortname":"LEICHT", "version":1446211670000}, {"friendlyname":"Moyen", "shortname":"MITTEL", "version":1446211671000}, {"friendlyname":"Fort", "shortname":"STARK", "version":1446211671000}], "version":1446212299000}, {"damageType":"Manque", "damageTypeShortname":"FEHLT", "damageDegreeList":[{"friendlyname":"Sans", "shortname":"OHNE", "version":1446212133000}], "version":1446212302000}, {"damageType":"Rompu", "damageTypeShortname":"GEBROCHEN", "damageDegreeList":[{"friendlyname":"L\u00e9ger", "shortname":"LEICHT", "version":1446211670000}, {"friendlyname":"Moyen", "shortname":"MITTEL", "version":1446211671000}, {"friendlyname":"Fort", "shortname":"STARK", "version":1446211671000}], "version":1446212307000}], "vehicleComponentShortname":"RADMUTTERNSCHLSSEL", "vehicleComponentFriendlyname":"Cl\u00e9 \u00e0 \u00e9crou de roue", "version":1446470863000}, {"damageTypeList":[{"damageType":"Manque", "damageTypeShortname":"FEHLT", "damageDegreeList":[{"friendlyname":"Sans", "shortname":"OHNE", "version":1446212133000}], "version":1446212302000}], "vehicleComponentShortname":"VIERKANTSCHLSSEL", "vehicleComponentFriendlyname":"Cl\u00e9 carr\u00e9e", "version":1446470993000}], "version":1446470993000}, "VP_11504000":{"vehicleComponentList":[{"damageTypeList":[{"damageType":"Manque", "damageTypeShortname":"FEHLT", "damageDegreeList":[{"friendlyname":"Sans", "shortname":"OHNE", "version":1446212133000}], "version":1446212302000}], "vehicleComponentShortname":"REIFENFLLSCHLAUCHMITMANOMETER", "vehicleComponentFriendlyname":"Tuyau de gonflage des pneus avec manom\u00e8tre", "version":1446470854000}], "version":1446470854000}, "VP_11500825":{"vehicleComponentList":[{"damageTypeList":[{"damageType":"Pas d'original", "damageTypeShortname":"KEINORIGINAL", "damageDegreeList":[{"friendlyname":"L\u00e9ger", "shortname":"LEICHT", "version":1446211670000}, {"friendlyname":"Moyen", "shortname":"MITTEL", "version":1446211671000}, {"friendlyname":"Fort", "shortname":"STARK", "version":1446211671000}], "version":1446212299000}, {"damageType":"Manque", "damageTypeShortname":"FEHLT", "damageDegreeList":[{"friendlyname":"Sans", "shortname":"OHNE", "version":1446212133000}], "version":1446212302000}, {"damageType":"Arrach\u00e9", "damageTypeShortname":"GERISSEN", "damageDegreeList":[{"friendlyname":"L\u00e9ger", "shortname":"LEICHT", "version":1446211670000}, {"friendlyname":"Moyen", "shortname":"MITTEL", "version":1446211671000}, {"friendlyname":"Fort", "shortname":"STARK", "version":1446211671000}], "version":1446212304000}], "vehicleComponentShortname":"ROLLTASCHE", "vehicleComponentFriendlyname":"Sac enroulable", "version":1446470856000}, {"damageTypeList":[{"damageType":"Manque", "damageTypeShortname":"FEHLT", "damageDegreeList":[{"friendlyname":"Sans", "shortname":"OHNE", "version":1446212133000}], "version":1446212302000}, {"damageType":"D\u00e9form\u00e9", "damageTypeShortname":"VERFORMT", "damageDegreeList":[{"friendlyname":"L\u00e9ger", "shortname":"LEICHT", "version":1446211670000}, {"friendlyname":"Moyen", "shortname":"MITTEL", "version":1446211671000}, {"friendlyname":"Fort", "shortname":"STARK", "version":1446211671000}], "version":1446212305000}, {"damageType":"D\u00e9but de corrosion", "damageTypeShortname":"ROSTANSATZ", "damageDegreeList":[{"friendlyname":"L\u00e9ger", "shortname":"LEICHT", "version":1446211670000}, {"friendlyname":"Moyen", "shortname":"MITTEL", "version":1446211671000}, {"friendlyname":"Fort", "shortname":"STARK", "version":1446211671000}], "version":1446212306000}, {"damageType":"Rompu", "damageTypeShortname":"GEBROCHEN", "damageDegreeList":[{"friendlyname":"L\u00e9ger", "shortname":"LEICHT", "version":1446211670000}, {"friendlyname":"Moyen", "shortname":"MITTEL", "version":1446211671000}, {"friendlyname":"Fort", "shortname":"STARK", "version":1446211671000}], "version":1446212307000}], "vehicleComponentShortname":"BORDWERKZEUG", "vehicleComponentFriendlyname":"Outil de bord", "version":1446470867000}, {"damageTypeList":[{"damageType":"Manque", "damageTypeShortname":"FEHLT", "damageDegreeList":[{"friendlyname":"Sans", "shortname":"OHNE", "version":1446212133000}], "version":1446212302000}, {"damageType":"Arrach\u00e9", "damageTypeShortname":"GERISSEN", "damageDegreeList":[{"friendlyname":"L\u00e9ger", "shortname":"LEICHT", "version":1446211670000}, {"friendlyname":"Moyen", "shortname":"MITTEL", "version":1446211671000}, {"friendlyname":"Fort", "shortname":"STARK", "version":1446211671000}], "version":1446212304000}], "vehicleComponentShortname":"WERKZEUGTASCHE", "vehicleComponentFriendlyname":"Mallette \u00e0 outils", "version":1446470942000}], "version":1446470942000}, "VP_11500860":{"vehicleComponentList":[{"damageTypeList":[{"damageType":"Pas d'original", "damageTypeShortname":"KEINORIGINAL", "damageDegreeList":[{"friendlyname":"L\u00e9ger", "shortname":"LEICHT", "version":1446211670000}, {"friendlyname":"Moyen", "shortname":"MITTEL", "version":1446211671000}, {"friendlyname":"Fort", "shortname":"STARK", "version":1446211671000}], "version":1446212299000}, {"damageType":"Manque", "damageTypeShortname":"FEHLT", "damageDegreeList":[{"friendlyname":"Sans", "shortname":"OHNE", "version":1446212133000}], "version":1446212302000}, {"damageType":"Incomplet", "damageTypeShortname":"UNVOLLSTAENDIG", "damageDegreeList":[{"friendlyname":"L\u00e9ger", "shortname":"LEICHT", "version":1446211670000}, {"friendlyname":"Moyen", "shortname":"MITTEL", "version":1446211671000}, {"friendlyname":"Fort", "shortname":"STARK", "version":1446211671000}], "version":1446212304000}, {"damageType":"Rompu", "damageTypeShortname":"GEBROCHEN", "damageDegreeList":[{"friendlyname":"L\u00e9ger", "shortname":"LEICHT", "version":1446211670000}, {"friendlyname":"Moyen", "shortname":"MITTEL", "version":1446211671000}, {"friendlyname":"Fort", "shortname":"STARK", "version":1446211671000}], "version":1446212307000}], "vehicleComponentShortname":"ABZIEHER", "vehicleComponentFriendlyname":"Extracteur", "version":1446470942000}], "version":1446470942000}, "VP_11500826":{"vehicleComponentList":[{"damageTypeList":[{"damageType":"Pas d'original", "damageTypeShortname":"KEINORIGINAL", "damageDegreeList":[{"friendlyname":"L\u00e9ger", "shortname":"LEICHT", "version":1446211670000}, {"friendlyname":"Moyen", "shortname":"MITTEL", "version":1446211671000}, {"friendlyname":"Fort", "shortname":"STARK", "version":1446211671000}], "version":1446212299000}, {"damageType":"Manque", "damageTypeShortname":"FEHLT", "damageDegreeList":[{"friendlyname":"Sans", "shortname":"OHNE", "version":1446212133000}], "version":1446212302000}, {"damageType":"Rompu", "damageTypeShortname":"GEBROCHEN", "damageDegreeList":[{"friendlyname":"L\u00e9ger", "shortname":"LEICHT", "version":1446211670000}, {"friendlyname":"Moyen", "shortname":"MITTEL", "version":1446211671000}, {"friendlyname":"Fort", "shortname":"STARK", "version":1446211671000}], "version":1446212307000}], "vehicleComponentShortname":"WASSERPUMPENZANGE", "vehicleComponentFriendlyname":"Pince \u00e0 pompe \u00e0 eau", "version":1446470931000}], "version":1446470931000}, "VP_11500800":{"vehicleComponentList":[{"damageTypeList":[{"damageType":"Pas d'original", "damageTypeShortname":"KEINORIGINAL", "damageDegreeList":[{"friendlyname":"L\u00e9ger", "shortname":"LEICHT", "version":1446211670000}, {"friendlyname":"Moyen", "shortname":"MITTEL", "version":1446211671000}, {"friendlyname":"Fort", "shortname":"STARK", "version":1446211671000}], "version":1446212299000}, {"damageType":"Manque", "damageTypeShortname":"FEHLT", "damageDegreeList":[{"friendlyname":"Sans", "shortname":"OHNE", "version":1446212133000}], "version":1446212302000}, {"damageType":"Incomplet", "damageTypeShortname":"UNVOLLSTAENDIG", "damageDegreeList":[{"friendlyname":"L\u00e9ger", "shortname":"LEICHT", "version":1446211670000}, {"friendlyname":"Moyen", "shortname":"MITTEL", "version":1446211671000}, {"friendlyname":"Fort", "shortname":"STARK", "version":1446211671000}], "version":1446212304000}, {"damageType":"Rompu", "damageTypeShortname":"GEBROCHEN", "damageDegreeList":[{"friendlyname":"L\u00e9ger", "shortname":"LEICHT", "version":1446211670000}, {"friendlyname":"Moyen", "shortname":"MITTEL", "version":1446211671000}, {"friendlyname":"Fort", "shortname":"STARK", "version":1446211671000}], "version":1446212307000}], "vehicleComponentShortname":"VERBANDSKASTEN", "vehicleComponentFriendlyname":"Trousse de premiers secours", "version":1446470899000}], "version":1446470899000}, "VP_11500854":{"vehicleComponentList":[{"damageTypeList":[{"damageType":"Manque", "damageTypeShortname":"FEHLT", "damageDegreeList":[{"friendlyname":"Sans", "shortname":"OHNE", "version":1446212133000}], "version":1446212302000}, {"damageType":"Incomplet", "damageTypeShortname":"UNVOLLSTAENDIG", "damageDegreeList":[{"friendlyname":"L\u00e9ger", "shortname":"LEICHT", "version":1446211670000}, {"friendlyname":"Moyen", "shortname":"MITTEL", "version":1446211671000}, {"friendlyname":"Fort", "shortname":"STARK", "version":1446211671000}], "version":1446212304000}], "vehicleComponentShortname":"EISKRATZER", "vehicleComponentFriendlyname":"Grattoir", "version":1446470921000}], "version":1446470921000}, "VP_11500827":{"vehicleComponentList":[{"damageTypeList":[{"damageType":"Pas d'original", "damageTypeShortname":"KEINORIGINAL", "damageDegreeList":[{"friendlyname":"L\u00e9ger", "shortname":"LEICHT", "version":1446211670000}, {"friendlyname":"Moyen", "shortname":"MITTEL", "version":1446211671000}, {"friendlyname":"Fort", "shortname":"STARK", "version":1446211671000}], "version":1446212299000}, {"damageType":"Manque", "damageTypeShortname":"FEHLT", "damageDegreeList":[{"friendlyname":"Sans", "shortname":"OHNE", "version":1446212133000}], "version":1446212302000}, {"damageType":"Rompu", "damageTypeShortname":"GEBROCHEN", "damageDegreeList":[{"friendlyname":"L\u00e9ger", "shortname":"LEICHT", "version":1446211670000}, {"friendlyname":"Moyen", "shortname":"MITTEL", "version":1446211671000}, {"friendlyname":"Fort", "shortname":"STARK", "version":1446211671000}], "version":1446212307000}], "vehicleComponentShortname":"RADMUTTERNSCHLSSEL", "vehicleComponentFriendlyname":"Cl\u00e9 \u00e0 \u00e9crou de roue", "version":1446470863000}, {"damageTypeList":[{"damageType":"Manque", "damageTypeShortname":"FEHLT", "damageDegreeList":[{"friendlyname":"Sans", "shortname":"OHNE", "version":1446212133000}], "version":1446212302000}], "vehicleComponentShortname":"VIERKANTSCHLSSEL", "vehicleComponentFriendlyname":"Cl\u00e9 carr\u00e9e", "version":1446470993000}], "version":1446470993000}, "VP_11500801":{"vehicleComponentList":[{"damageTypeList":[{"damageType":"Manque", "damageTypeShortname":"FEHLT", "damageDegreeList":[{"friendlyname":"Sans", "shortname":"OHNE", "version":1446212133000}], "version":1446212302000}], "vehicleComponentShortname":"WARNWESTE", "vehicleComponentFriendlyname":"Veste de signalisation", "version":1446470872000}], "version":1446470872000}, "VP_11500828":{"vehicleComponentList":[{"damageTypeList":[{"damageType":"Pas d'original", "damageTypeShortname":"KEINORIGINAL", "damageDegreeList":[{"friendlyname":"L\u00e9ger", "shortname":"LEICHT", "version":1446211670000}, {"friendlyname":"Moyen", "shortname":"MITTEL", "version":1446211671000}, {"friendlyname":"Fort", "shortname":"STARK", "version":1446211671000}], "version":1446212299000}, {"damageType":"Manque", "damageTypeShortname":"FEHLT", "damageDegreeList":[{"friendlyname":"Sans", "shortname":"OHNE", "version":1446212133000}], "version":1446212302000}, {"damageType":"Endommag\u00e9", "damageTypeShortname":"BESCHAEDIGT", "damageDegreeList":[{"friendlyname":"L\u00e9ger", "shortname":"LEICHT", "version":1446211670000}, {"friendlyname":"Moyen", "shortname":"MITTEL", "version":1446211671000}, {"friendlyname":"Fort", "shortname":"STARK", "version":1446211671000}], "version":1446212306000}], "vehicleComponentShortname":"WAGENHEBERHYDRAULISCHTGA", "vehicleComponentFriendlyname":"Cric hydraulique TGA", "version":1446470864000}], "version":1446470864000}, "VP_11500802":{"vehicleComponentList":[{"damageTypeList":[{"damageType":"Pas d'original", "damageTypeShortname":"KEINORIGINAL", "damageDegreeList":[{"friendlyname":"L\u00e9ger", "shortname":"LEICHT", "version":1446211670000}, {"friendlyname":"Moyen", "shortname":"MITTEL", "version":1446211671000}, {"friendlyname":"Fort", "shortname":"STARK", "version":1446211671000}], "version":1446212299000}, {"damageType":"Manque", "damageTypeShortname":"FEHLT", "damageDegreeList":[{"friendlyname":"Sans", "shortname":"OHNE", "version":1446212133000}], "version":1446212302000}, {"damageType":"Arrach\u00e9", "damageTypeShortname":"GERISSEN", "damageDegreeList":[{"friendlyname":"L\u00e9ger", "shortname":"LEICHT", "version":1446211670000}, {"friendlyname":"Moyen", "shortname":"MITTEL", "version":1446211671000}, {"friendlyname":"Fort", "shortname":"STARK", "version":1446211671000}], "version":1446212304000}], "vehicleComponentShortname":"WARNDREIECK", "vehicleComponentFriendlyname":"Triangle de signalisation", "version":1446470856000}], "version":1446470856000}, "VP_11500852":{"vehicleComponentList":[{"damageTypeList":[{"damageType":"Pas d'original", "damageTypeShortname":"KEINORIGINAL", "damageDegreeList":[{"friendlyname":"L\u00e9ger", "shortname":"LEICHT", "version":1446211670000}, {"friendlyname":"Moyen", "shortname":"MITTEL", "version":1446211671000}, {"friendlyname":"Fort", "shortname":"STARK", "version":1446211671000}], "version":1446212299000}, {"damageType":"Manque", "damageTypeShortname":"FEHLT", "damageDegreeList":[{"friendlyname":"Sans", "shortname":"OHNE", "version":1446212133000}], "version":1446212302000}, {"damageType":"D\u00e9form\u00e9", "damageTypeShortname":"VERFORMT", "damageDegreeList":[{"friendlyname":"L\u00e9ger", "shortname":"LEICHT", "version":1446211670000}, {"friendlyname":"Moyen", "shortname":"MITTEL", "version":1446211671000}, {"friendlyname":"Fort", "shortname":"STARK", "version":1446211671000}], "version":1446212305000}], "vehicleComponentShortname":"VERLNGERUNGSSTANGE", "vehicleComponentFriendlyname":"Barre de rallonge", "version":1446470833000}], "version":1446470833000}, "VP_11500829":{"vehicleComponentList":[{"damageTypeList":[{"damageType":"Pas d'original", "damageTypeShortname":"KEINORIGINAL", "damageDegreeList":[{"friendlyname":"L\u00e9ger", "shortname":"LEICHT", "version":1446211670000}, {"friendlyname":"Moyen", "shortname":"MITTEL", "version":1446211671000}, {"friendlyname":"Fort", "shortname":"STARK", "version":1446211671000}], "version":1446212299000}, {"damageType":"Manque", "damageTypeShortname":"FEHLT", "damageDegreeList":[{"friendlyname":"Sans", "shortname":"OHNE", "version":1446212133000}], "version":1446212302000}, {"damageType":"Incomplet", "damageTypeShortname":"UNVOLLSTAENDIG", "damageDegreeList":[{"friendlyname":"L\u00e9ger", "shortname":"LEICHT", "version":1446211670000}, {"friendlyname":"Moyen", "shortname":"MITTEL", "version":1446211671000}, {"friendlyname":"Fort", "shortname":"STARK", "version":1446211671000}], "version":1446212304000}, {"damageType":"Rompu", "damageTypeShortname":"GEBROCHEN", "damageDegreeList":[{"friendlyname":"L\u00e9ger", "shortname":"LEICHT", "version":1446211670000}, {"friendlyname":"Moyen", "shortname":"MITTEL", "version":1446211671000}, {"friendlyname":"Fort", "shortname":"STARK", "version":1446211671000}], "version":1446212307000}], "vehicleComponentShortname":"BITMAGAZINHALTER", "vehicleComponentFriendlyname":"Magasin \u00e0 bits", "version":1446471000000}], "version":1446471000000}, "VP_11500899":{"vehicleComponentList":[{"damageTypeList":[{"damageType":"Manque", "damageTypeShortname":"FEHLT", "damageDegreeList":[{"friendlyname":"Sans", "shortname":"OHNE", "version":1446212133000}], "version":1446212302000}, {"damageType":"D\u00e9form\u00e9", "damageTypeShortname":"VERFORMT", "damageDegreeList":[{"friendlyname":"L\u00e9ger", "shortname":"LEICHT", "version":1446211670000}, {"friendlyname":"Moyen", "shortname":"MITTEL", "version":1446211671000}, {"friendlyname":"Fort", "shortname":"STARK", "version":1446211671000}], "version":1446212305000}, {"damageType":"Rompu", "damageTypeShortname":"GEBROCHEN", "damageDegreeList":[{"friendlyname":"L\u00e9ger", "shortname":"LEICHT", "version":1446211670000}, {"friendlyname":"Moyen", "shortname":"MITTEL", "version":1446211671000}, {"friendlyname":"Fort", "shortname":"STARK", "version":1446211671000}], "version":1446212307000}], "vehicleComponentShortname":"SPANNKLAUE", "vehicleComponentFriendlyname":"Griffe de serrage", "version":1446470936000}], "version":1446470936000}}