{"VP_11500820":{"vehicleComponentList":[{"damageTypeList":[{"damageType":"No original", "damageTypeShortname":"KEINORIGINAL", "damageDegreeList":[{"friendlyname":"ligero", "shortname":"LEICHT", "version":1446211670000}, {"friendlyname":"Medio", "shortname":"MITTEL", "version":1446211671000}, {"friendlyname":"Fuerte", "shortname":"STARK", "version":1446211671000}], "version":1446212299000}, {"damageType":"Falta", "damageTypeShortname":"FEHLT", "damageDegreeList":[{"friendlyname":"Sin", "shortname":"OHNE", "version":1446212133000}], "version":1446212302000}, {"damageType":"deformado", "damageTypeShortname":"VERFORMT", "damageDegreeList":[{"friendlyname":"ligero", "shortname":"LEICHT", "version":1446211670000}, {"friendlyname":"Medio", "shortname":"MITTEL", "version":1446211671000}, {"friendlyname":"Fuerte", "shortname":"STARK", "version":1446211671000}], "version":1446212305000}, {"damageType":"Roto", "damageTypeShortname":"GEBROCHEN", "damageDegreeList":[{"friendlyname":"ligero", "shortname":"LEICHT", "version":1446211670000}, {"friendlyname":"Medio", "shortname":"MITTEL", "version":1446211671000}, {"friendlyname":"Fuerte", "shortname":"STARK", "version":1446211671000}], "version":1446212307000}], "vehicleComponentShortname":"DOPPELMAULSCHLSSEL10X13", "vehicleComponentFriendlyname":"Llave fija doble 10\u00d713", "version":1446470856000}], "version":1446470856000}, "VP_11500821":{"vehicleComponentList":[{"damageTypeList":[{"damageType":"No original", "damageTypeShortname":"KEINORIGINAL", "damageDegreeList":[{"friendlyname":"ligero", "shortname":"LEICHT", "version":1446211670000}, {"friendlyname":"Medio", "shortname":"MITTEL", "version":1446211671000}, {"friendlyname":"Fuerte", "shortname":"STARK", "version":1446211671000}], "version":1446212299000}, {"damageType":"Falta", "damageTypeShortname":"FEHLT", "damageDegreeList":[{"friendlyname":"Sin", "shortname":"OHNE", "version":1446212133000}], "version":1446212302000}, {"damageType":"deformado", "damageTypeShortname":"VERFORMT", "damageDegreeList":[{"friendlyname":"ligero", "shortname":"LEICHT", "version":1446211670000}, {"friendlyname":"Medio", "shortname":"MITTEL", "version":1446211671000}, {"friendlyname":"Fuerte", "shortname":"STARK", "version":1446211671000}], "version":1446212305000}, {"damageType":"Roto", "damageTypeShortname":"GEBROCHEN", "damageDegreeList":[{"friendlyname":"ligero", "shortname":"LEICHT", "version":1446211670000}, {"friendlyname":"Medio", "shortname":"MITTEL", "version":1446211671000}, {"friendlyname":"Fuerte", "shortname":"STARK", "version":1446211671000}], "version":1446212307000}], "vehicleComponentShortname":"DOPPELMAULSCHLSSEL17X19", "vehicleComponentFriendlyname":"Llave fija doble 17x19", "version":1446470861000}], "version":1446470861000}, "VP_11500832":{"vehicleComponentList":[{"damageTypeList":[{"damageType":"No original", "damageTypeShortname":"KEINORIGINAL", "damageDegreeList":[{"friendlyname":"ligero", "shortname":"LEICHT", "version":1446211670000}, {"friendlyname":"Medio", "shortname":"MITTEL", "version":1446211671000}, {"friendlyname":"Fuerte", "shortname":"STARK", "version":1446211671000}], "version":1446212299000}, {"damageType":"Falta", "damageTypeShortname":"FEHLT", "damageDegreeList":[{"friendlyname":"Sin", "shortname":"OHNE", "version":1446212133000}], "version":1446212302000}, {"damageType":"Sin funci\u00f3n", "damageTypeShortname":"OHNEFUNKTION", "damageDegreeList":[{"friendlyname":"ligero", "shortname":"LEICHT", "version":1446211670000}, {"friendlyname":"Medio", "shortname":"MITTEL", "version":1446211671000}, {"friendlyname":"Fuerte", "shortname":"STARK", "version":1446211671000}], "version":1446212305000}, {"damageType":"Roto", "damageTypeShortname":"GEBROCHEN", "damageDegreeList":[{"friendlyname":"ligero", "shortname":"LEICHT", "version":1446211670000}, {"friendlyname":"Medio", "shortname":"MITTEL", "version":1446211671000}, {"friendlyname":"Fuerte", "shortname":"STARK", "version":1446211671000}], "version":1446212307000}], "vehicleComponentShortname":"WARNBLINKUNDARBEITSLEUCHTE", "vehicleComponentFriendlyname":"Luces de emergencia y l\u00e1mpara de trabajo", "version":1446470949000}], "version":1446470949000}, "VP_11500822":{"vehicleComponentList":[{"damageTypeList":[{"damageType":"No original", "damageTypeShortname":"KEINORIGINAL", "damageDegreeList":[{"friendlyname":"ligero", "shortname":"LEICHT", "version":1446211670000}, {"friendlyname":"Medio", "shortname":"MITTEL", "version":1446211671000}, {"friendlyname":"Fuerte", "shortname":"STARK", "version":1446211671000}], "version":1446212299000}, {"damageType":"Falta", "damageTypeShortname":"FEHLT", "damageDegreeList":[{"friendlyname":"Sin", "shortname":"OHNE", "version":1446212133000}], "version":1446212302000}, {"damageType":"deformado", "damageTypeShortname":"VERFORMT", "damageDegreeList":[{"friendlyname":"ligero", "shortname":"LEICHT", "version":1446211670000}, {"friendlyname":"Medio", "shortname":"MITTEL", "version":1446211671000}, {"friendlyname":"Fuerte", "shortname":"STARK", "version":1446211671000}], "version":1446212305000}, {"damageType":"Roto", "damageTypeShortname":"GEBROCHEN", "damageDegreeList":[{"friendlyname":"ligero", "shortname":"LEICHT", "version":1446211670000}, {"friendlyname":"Medio", "shortname":"MITTEL", "version":1446211671000}, {"friendlyname":"Fuerte", "shortname":"STARK", "version":1446211671000}], "version":1446212307000}], "vehicleComponentShortname":"DOPPELMAULSCHLSSEL27X30", "vehicleComponentFriendlyname":"Llave fija doble 27x30", "version":1446470846000}, {"damageTypeList":[{"damageType":"Falta", "damageTypeShortname":"FEHLT", "damageDegreeList":[{"friendlyname":"Sin", "shortname":"OHNE", "version":1446212133000}], "version":1446212302000}, {"damageType":"deformado", "damageTypeShortname":"VERFORMT", "damageDegreeList":[{"friendlyname":"ligero", "shortname":"LEICHT", "version":1446211670000}, {"friendlyname":"Medio", "shortname":"MITTEL", "version":1446211671000}, {"friendlyname":"Fuerte", "shortname":"STARK", "version":1446211671000}], "version":1446212305000}, {"damageType":"Roto", "damageTypeShortname":"GEBROCHEN", "damageDegreeList":[{"friendlyname":"ligero", "shortname":"LEICHT", "version":1446211670000}, {"friendlyname":"Medio", "shortname":"MITTEL", "version":1446211671000}, {"friendlyname":"Fuerte", "shortname":"STARK", "version":1446211671000}], "version":1446212307000}], "vehicleComponentShortname":"SPANNKLAUE", "vehicleComponentFriendlyname":"Garra de sujeci\u00f3n", "version":1446470936000}], "version":1446470936000}, "VP_11500831":{"vehicleComponentList":[{"damageTypeList":[{"damageType":"Falta", "damageTypeShortname":"FEHLT", "damageDegreeList":[{"friendlyname":"Sin", "shortname":"OHNE", "version":1446212133000}], "version":1446212302000}, {"damageType":"deformado", "damageTypeShortname":"VERFORMT", "damageDegreeList":[{"friendlyname":"ligero", "shortname":"LEICHT", "version":1446211670000}, {"friendlyname":"Medio", "shortname":"MITTEL", "version":1446211671000}, {"friendlyname":"Fuerte", "shortname":"STARK", "version":1446211671000}], "version":1446212305000}], "vehicleComponentShortname":"MONTIERHEBEL", "vehicleComponentFriendlyname":"Palanca de montaje", "version":1446470852000}, {"damageTypeList":[{"damageType":"No original", "damageTypeShortname":"KEINORIGINAL", "damageDegreeList":[{"friendlyname":"ligero", "shortname":"LEICHT", "version":1446211670000}, {"friendlyname":"Medio", "shortname":"MITTEL", "version":1446211671000}, {"friendlyname":"Fuerte", "shortname":"STARK", "version":1446211671000}], "version":1446212299000}, {"damageType":"Falta", "damageTypeShortname":"FEHLT", "damageDegreeList":[{"friendlyname":"Sin", "shortname":"OHNE", "version":1446212133000}], "version":1446212302000}, {"damageType":"Roto", "damageTypeShortname":"GEBROCHEN", "damageDegreeList":[{"friendlyname":"ligero", "shortname":"LEICHT", "version":1446211670000}, {"friendlyname":"Medio", "shortname":"MITTEL", "version":1446211671000}, {"friendlyname":"Fuerte", "shortname":"STARK", "version":1446211671000}], "version":1446212307000}], "vehicleComponentShortname":"PUMPENHEBEL3TEILIG", "vehicleComponentFriendlyname":"Palanca de bomba 3-ple", "version":1446470921000}], "version":1446470921000}, "VP_11500830":{"vehicleComponentList":[{"damageTypeList":[{"damageType":"Falta", "damageTypeShortname":"FEHLT", "damageDegreeList":[{"friendlyname":"Sin", "shortname":"OHNE", "version":1446212133000}], "version":1446212302000}, {"damageType":"Roto", "damageTypeShortname":"GEBROCHEN", "damageDegreeList":[{"friendlyname":"ligero", "shortname":"LEICHT", "version":1446211670000}, {"friendlyname":"Medio", "shortname":"MITTEL", "version":1446211671000}, {"friendlyname":"Fuerte", "shortname":"STARK", "version":1446211671000}], "version":1446212307000}], "vehicleComponentShortname":"UNTERLEGKLOTZ", "vehicleComponentFriendlyname":"Calza", "version":1446470882000}], "version":1446470882000}, "VP_11500824":{"vehicleComponentList":[{"damageTypeList":[{"damageType":"No original", "damageTypeShortname":"KEINORIGINAL", "damageDegreeList":[{"friendlyname":"ligero", "shortname":"LEICHT", "version":1446211670000}, {"friendlyname":"Medio", "shortname":"MITTEL", "version":1446211671000}, {"friendlyname":"Fuerte", "shortname":"STARK", "version":1446211671000}], "version":1446212299000}, {"damageType":"Falta", "damageTypeShortname":"FEHLT", "damageDegreeList":[{"friendlyname":"Sin", "shortname":"OHNE", "version":1446212133000}], "version":1446212302000}], "vehicleComponentShortname":"WINKELSTCK", "vehicleComponentFriendlyname":"Escuadra", "version":1466816904000}], "version":1466816904000}, "VP_11500861":{"vehicleComponentList":[{"damageTypeList":[{"damageType":"Falta", "damageTypeShortname":"FEHLT", "damageDegreeList":[{"friendlyname":"Sin", "shortname":"OHNE", "version":1446212133000}], "version":1446212302000}, {"damageType":"deformado", "damageTypeShortname":"VERFORMT", "damageDegreeList":[{"friendlyname":"ligero", "shortname":"LEICHT", "version":1446211670000}, {"friendlyname":"Medio", "shortname":"MITTEL", "version":1446211671000}, {"friendlyname":"Fuerte", "shortname":"STARK", "version":1446211671000}], "version":1446212305000}], "vehicleComponentShortname":"ABSCHLEPPKUPPLUNG", "vehicleComponentFriendlyname":"Acoplamiento de remolcaje", "version":1446470832000}, {"damageTypeList":[{"damageType":"No original", "damageTypeShortname":"KEINORIGINAL", "damageDegreeList":[{"friendlyname":"ligero", "shortname":"LEICHT", "version":1446211670000}, {"friendlyname":"Medio", "shortname":"MITTEL", "version":1446211671000}, {"friendlyname":"Fuerte", "shortname":"STARK", "version":1446211671000}], "version":1446212299000}, {"damageType":"Falta", "damageTypeShortname":"FEHLT", "damageDegreeList":[{"friendlyname":"Sin", "shortname":"OHNE", "version":1446212133000}], "version":1446212302000}, {"damageType":"Roto", "damageTypeShortname":"GEBROCHEN", "damageDegreeList":[{"friendlyname":"ligero", "shortname":"LEICHT", "version":1446211670000}, {"friendlyname":"Medio", "shortname":"MITTEL", "version":1446211671000}, {"friendlyname":"Fuerte", "shortname":"STARK", "version":1446211671000}], "version":1446212307000}], "vehicleComponentShortname":"RADMUTTERNSCHLSSEL", "vehicleComponentFriendlyname":"Llave tuercas de la rueda", "version":1446470863000}, {"damageTypeList":[{"damageType":"Falta", "damageTypeShortname":"FEHLT", "damageDegreeList":[{"friendlyname":"Sin", "shortname":"OHNE", "version":1446212133000}], "version":1446212302000}], "vehicleComponentShortname":"VIERKANTSCHLSSEL", "vehicleComponentFriendlyname":"Llave cuadrada", "version":1446470993000}], "version":1446470993000}, "VP_11504000":{"vehicleComponentList":[{"damageTypeList":[{"damageType":"Falta", "damageTypeShortname":"FEHLT", "damageDegreeList":[{"friendlyname":"Sin", "shortname":"OHNE", "version":1446212133000}], "version":1446212302000}], "vehicleComponentShortname":"REIFENFLLSCHLAUCHMITMANOMETER", "vehicleComponentFriendlyname":"Manguera para inflar los neum\u00e1ticos con man\u00f3metro", "version":1446470854000}], "version":1446470854000}, "VP_11500825":{"vehicleComponentList":[{"damageTypeList":[{"damageType":"No original", "damageTypeShortname":"KEINORIGINAL", "damageDegreeList":[{"friendlyname":"ligero", "shortname":"LEICHT", "version":1446211670000}, {"friendlyname":"Medio", "shortname":"MITTEL", "version":1446211671000}, {"friendlyname":"Fuerte", "shortname":"STARK", "version":1446211671000}], "version":1446212299000}, {"damageType":"Falta", "damageTypeShortname":"FEHLT", "damageDegreeList":[{"friendlyname":"Sin", "shortname":"OHNE", "version":1446212133000}], "version":1446212302000}, {"damageType":"roto", "damageTypeShortname":"GERISSEN", "damageDegreeList":[{"friendlyname":"ligero", "shortname":"LEICHT", "version":1446211670000}, {"friendlyname":"Medio", "shortname":"MITTEL", "version":1446211671000}, {"friendlyname":"Fuerte", "shortname":"STARK", "version":1446211671000}], "version":1446212304000}], "vehicleComponentShortname":"ROLLTASCHE", "vehicleComponentFriendlyname":"Bolsa enrollable", "version":1446470856000}, {"damageTypeList":[{"damageType":"Falta", "damageTypeShortname":"FEHLT", "damageDegreeList":[{"friendlyname":"Sin", "shortname":"OHNE", "version":1446212133000}], "version":1446212302000}, {"damageType":"deformado", "damageTypeShortname":"VERFORMT", "damageDegreeList":[{"friendlyname":"ligero", "shortname":"LEICHT", "version":1446211670000}, {"friendlyname":"Medio", "shortname":"MITTEL", "version":1446211671000}, {"friendlyname":"Fuerte", "shortname":"STARK", "version":1446211671000}], "version":1446212305000}, {"damageType":"Comienza a oxidar", "damageTypeShortname":"ROSTANSATZ", "damageDegreeList":[{"friendlyname":"ligero", "shortname":"LEICHT", "version":1446211670000}, {"friendlyname":"Medio", "shortname":"MITTEL", "version":1446211671000}, {"friendlyname":"Fuerte", "shortname":"STARK", "version":1446211671000}], "version":1446212306000}, {"damageType":"Roto", "damageTypeShortname":"GEBROCHEN", "damageDegreeList":[{"friendlyname":"ligero", "shortname":"LEICHT", "version":1446211670000}, {"friendlyname":"Medio", "shortname":"MITTEL", "version":1446211671000}, {"friendlyname":"Fuerte", "shortname":"STARK", "version":1446211671000}], "version":1446212307000}], "vehicleComponentShortname":"BORDWERKZEUG", "vehicleComponentFriendlyname":"Herramienta de a bordo", "version":1446470867000}, {"damageTypeList":[{"damageType":"Falta", "damageTypeShortname":"FEHLT", "damageDegreeList":[{"friendlyname":"Sin", "shortname":"OHNE", "version":1446212133000}], "version":1446212302000}, {"damageType":"roto", "damageTypeShortname":"GERISSEN", "damageDegreeList":[{"friendlyname":"ligero", "shortname":"LEICHT", "version":1446211670000}, {"friendlyname":"Medio", "shortname":"MITTEL", "version":1446211671000}, {"friendlyname":"Fuerte", "shortname":"STARK", "version":1446211671000}], "version":1446212304000}], "vehicleComponentShortname":"WERKZEUGTASCHE", "vehicleComponentFriendlyname":"Bolsa de herramientas", "version":1446470942000}], "version":1446470942000}, "VP_11500860":{"vehicleComponentList":[{"damageTypeList":[{"damageType":"No original", "damageTypeShortname":"KEINORIGINAL", "damageDegreeList":[{"friendlyname":"ligero", "shortname":"LEICHT", "version":1446211670000}, {"friendlyname":"Medio", "shortname":"MITTEL", "version":1446211671000}, {"friendlyname":"Fuerte", "shortname":"STARK", "version":1446211671000}], "version":1446212299000}, {"damageType":"Falta", "damageTypeShortname":"FEHLT", "damageDegreeList":[{"friendlyname":"Sin", "shortname":"OHNE", "version":1446212133000}], "version":1446212302000}, {"damageType":"Incompleto", "damageTypeShortname":"UNVOLLSTAENDIG", "damageDegreeList":[{"friendlyname":"ligero", "shortname":"LEICHT", "version":1446211670000}, {"friendlyname":"Medio", "shortname":"MITTEL", "version":1446211671000}, {"friendlyname":"Fuerte", "shortname":"STARK", "version":1446211671000}], "version":1446212304000}, {"damageType":"Roto", "damageTypeShortname":"GEBROCHEN", "damageDegreeList":[{"friendlyname":"ligero", "shortname":"LEICHT", "version":1446211670000}, {"friendlyname":"Medio", "shortname":"MITTEL", "version":1446211671000}, {"friendlyname":"Fuerte", "shortname":"STARK", "version":1446211671000}], "version":1446212307000}], "vehicleComponentShortname":"ABZIEHER", "vehicleComponentFriendlyname":"Extractor", "version":1446470942000}], "version":1446470942000}, "VP_11500826":{"vehicleComponentList":[{"damageTypeList":[{"damageType":"No original", "damageTypeShortname":"KEINORIGINAL", "damageDegreeList":[{"friendlyname":"ligero", "shortname":"LEICHT", "version":1446211670000}, {"friendlyname":"Medio", "shortname":"MITTEL", "version":1446211671000}, {"friendlyname":"Fuerte", "shortname":"STARK", "version":1446211671000}], "version":1446212299000}, {"damageType":"Falta", "damageTypeShortname":"FEHLT", "damageDegreeList":[{"friendlyname":"Sin", "shortname":"OHNE", "version":1446212133000}], "version":1446212302000}, {"damageType":"Roto", "damageTypeShortname":"GEBROCHEN", "damageDegreeList":[{"friendlyname":"ligero", "shortname":"LEICHT", "version":1446211670000}, {"friendlyname":"Medio", "shortname":"MITTEL", "version":1446211671000}, {"friendlyname":"Fuerte", "shortname":"STARK", "version":1446211671000}], "version":1446212307000}], "vehicleComponentShortname":"WASSERPUMPENZANGE", "vehicleComponentFriendlyname":"Pinza bomba de agua", "version":1446470931000}], "version":1446470931000}, "VP_11500800":{"vehicleComponentList":[{"damageTypeList":[{"damageType":"No original", "damageTypeShortname":"KEINORIGINAL", "damageDegreeList":[{"friendlyname":"ligero", "shortname":"LEICHT", "version":1446211670000}, {"friendlyname":"Medio", "shortname":"MITTEL", "version":1446211671000}, {"friendlyname":"Fuerte", "shortname":"STARK", "version":1446211671000}], "version":1446212299000}, {"damageType":"Falta", "damageTypeShortname":"FEHLT", "damageDegreeList":[{"friendlyname":"Sin", "shortname":"OHNE", "version":1446212133000}], "version":1446212302000}, {"damageType":"Incompleto", "damageTypeShortname":"UNVOLLSTAENDIG", "damageDegreeList":[{"friendlyname":"ligero", "shortname":"LEICHT", "version":1446211670000}, {"friendlyname":"Medio", "shortname":"MITTEL", "version":1446211671000}, {"friendlyname":"Fuerte", "shortname":"STARK", "version":1446211671000}], "version":1446212304000}, {"damageType":"Roto", "damageTypeShortname":"GEBROCHEN", "damageDegreeList":[{"friendlyname":"ligero", "shortname":"LEICHT", "version":1446211670000}, {"friendlyname":"Medio", "shortname":"MITTEL", "version":1446211671000}, {"friendlyname":"Fuerte", "shortname":"STARK", "version":1446211671000}], "version":1446212307000}], "vehicleComponentShortname":"VERBANDSKASTEN", "vehicleComponentFriendlyname":"Botiqu\u00edn", "version":1446470899000}], "version":1446470899000}, "VP_11500854":{"vehicleComponentList":[{"damageTypeList":[{"damageType":"Falta", "damageTypeShortname":"FEHLT", "damageDegreeList":[{"friendlyname":"Sin", "shortname":"OHNE", "version":1446212133000}], "version":1446212302000}, {"damageType":"Incompleto", "damageTypeShortname":"UNVOLLSTAENDIG", "damageDegreeList":[{"friendlyname":"ligero", "shortname":"LEICHT", "version":1446211670000}, {"friendlyname":"Medio", "shortname":"MITTEL", "version":1446211671000}, {"friendlyname":"Fuerte", "shortname":"STARK", "version":1446211671000}], "version":1446212304000}], "vehicleComponentShortname":"EISKRATZER", "vehicleComponentFriendlyname":"Esp\u00e1tula de rascar hielo", "version":1446470921000}], "version":1446470921000}, "VP_11500827":{"vehicleComponentList":[{"damageTypeList":[{"damageType":"No original", "damageTypeShortname":"KEINORIGINAL", "damageDegreeList":[{"friendlyname":"ligero", "shortname":"LEICHT", "version":1446211670000}, {"friendlyname":"Medio", "shortname":"MITTEL", "version":1446211671000}, {"friendlyname":"Fuerte", "shortname":"STARK", "version":1446211671000}], "version":1446212299000}, {"damageType":"Falta", "damageTypeShortname":"FEHLT", "damageDegreeList":[{"friendlyname":"Sin", "shortname":"OHNE", "version":1446212133000}], "version":1446212302000}, {"damageType":"Roto", "damageTypeShortname":"GEBROCHEN", "damageDegreeList":[{"friendlyname":"ligero", "shortname":"LEICHT", "version":1446211670000}, {"friendlyname":"Medio", "shortname":"MITTEL", "version":1446211671000}, {"friendlyname":"Fuerte", "shortname":"STARK", "version":1446211671000}], "version":1446212307000}], "vehicleComponentShortname":"RADMUTTERNSCHLSSEL", "vehicleComponentFriendlyname":"Llave tuercas de la rueda", "version":1446470863000}, {"damageTypeList":[{"damageType":"Falta", "damageTypeShortname":"FEHLT", "damageDegreeList":[{"friendlyname":"Sin", "shortname":"OHNE", "version":1446212133000}], "version":1446212302000}], "vehicleComponentShortname":"VIERKANTSCHLSSEL", "vehicleComponentFriendlyname":"Llave cuadrada", "version":1446470993000}], "version":1446470993000}, "VP_11500801":{"vehicleComponentList":[{"damageTypeList":[{"damageType":"Falta", "damageTypeShortname":"FEHLT", "damageDegreeList":[{"friendlyname":"Sin", "shortname":"OHNE", "version":1446212133000}], "version":1446212302000}], "vehicleComponentShortname":"WARNWESTE", "vehicleComponentFriendlyname":"Chaleco reflectante", "version":1446470872000}], "version":1446470872000}, "VP_11500828":{"vehicleComponentList":[{"damageTypeList":[{"damageType":"No original", "damageTypeShortname":"KEINORIGINAL", "damageDegreeList":[{"friendlyname":"ligero", "shortname":"LEICHT", "version":1446211670000}, {"friendlyname":"Medio", "shortname":"MITTEL", "version":1446211671000}, {"friendlyname":"Fuerte", "shortname":"STARK", "version":1446211671000}], "version":1446212299000}, {"damageType":"Falta", "damageTypeShortname":"FEHLT", "damageDegreeList":[{"friendlyname":"Sin", "shortname":"OHNE", "version":1446212133000}], "version":1446212302000}, {"damageType":"Deteriorado", "damageTypeShortname":"BESCHAEDIGT", "damageDegreeList":[{"friendlyname":"ligero", "shortname":"LEICHT", "version":1446211670000}, {"friendlyname":"Medio", "shortname":"MITTEL", "version":1446211671000}, {"friendlyname":"Fuerte", "shortname":"STARK", "version":1446211671000}], "version":1446212306000}], "vehicleComponentShortname":"WAGENHEBERHYDRAULISCHTGA", "vehicleComponentFriendlyname":"Gato hidr\u00e1ulico TGA", "version":1446470864000}], "version":1446470864000}, "VP_11500802":{"vehicleComponentList":[{"damageTypeList":[{"damageType":"No original", "damageTypeShortname":"KEINORIGINAL", "damageDegreeList":[{"friendlyname":"ligero", "shortname":"LEICHT", "version":1446211670000}, {"friendlyname":"Medio", "shortname":"MITTEL", "version":1446211671000}, {"friendlyname":"Fuerte", "shortname":"STARK", "version":1446211671000}], "version":1446212299000}, {"damageType":"Falta", "damageTypeShortname":"FEHLT", "damageDegreeList":[{"friendlyname":"Sin", "shortname":"OHNE", "version":1446212133000}], "version":1446212302000}, {"damageType":"roto", "damageTypeShortname":"GERISSEN", "damageDegreeList":[{"friendlyname":"ligero", "shortname":"LEICHT", "version":1446211670000}, {"friendlyname":"Medio", "shortname":"MITTEL", "version":1446211671000}, {"friendlyname":"Fuerte", "shortname":"STARK", "version":1446211671000}], "version":1446212304000}], "vehicleComponentShortname":"WARNDREIECK", "vehicleComponentFriendlyname":"Tri\u00e1ngulo de emergencia", "version":1446470856000}], "version":1446470856000}, "VP_11500852":{"vehicleComponentList":[{"damageTypeList":[{"damageType":"No original", "damageTypeShortname":"KEINORIGINAL", "damageDegreeList":[{"friendlyname":"ligero", "shortname":"LEICHT", "version":1446211670000}, {"friendlyname":"Medio", "shortname":"MITTEL", "version":1446211671000}, {"friendlyname":"Fuerte", "shortname":"STARK", "version":1446211671000}], "version":1446212299000}, {"damageType":"Falta", "damageTypeShortname":"FEHLT", "damageDegreeList":[{"friendlyname":"Sin", "shortname":"OHNE", "version":1446212133000}], "version":1446212302000}, {"damageType":"deformado", "damageTypeShortname":"VERFORMT", "damageDegreeList":[{"friendlyname":"ligero", "shortname":"LEICHT", "version":1446211670000}, {"friendlyname":"Medio", "shortname":"MITTEL", "version":1446211671000}, {"friendlyname":"Fuerte", "shortname":"STARK", "version":1446211671000}], "version":1446212305000}], "vehicleComponentShortname":"VERLNGERUNGSSTANGE", "vehicleComponentFriendlyname":"Barra de prolongaci\u00f3n", "version":1446470833000}], "version":1446470833000}, "VP_11500829":{"vehicleComponentList":[{"damageTypeList":[{"damageType":"No original", "damageTypeShortname":"KEINORIGINAL", "damageDegreeList":[{"friendlyname":"ligero", "shortname":"LEICHT", "version":1446211670000}, {"friendlyname":"Medio", "shortname":"MITTEL", "version":1446211671000}, {"friendlyname":"Fuerte", "shortname":"STARK", "version":1446211671000}], "version":1446212299000}, {"damageType":"Falta", "damageTypeShortname":"FEHLT", "damageDegreeList":[{"friendlyname":"Sin", "shortname":"OHNE", "version":1446212133000}], "version":1446212302000}, {"damageType":"Incompleto", "damageTypeShortname":"UNVOLLSTAENDIG", "damageDegreeList":[{"friendlyname":"ligero", "shortname":"LEICHT", "version":1446211670000}, {"friendlyname":"Medio", "shortname":"MITTEL", "version":1446211671000}, {"friendlyname":"Fuerte", "shortname":"STARK", "version":1446211671000}], "version":1446212304000}, {"damageType":"Roto", "damageTypeShortname":"GEBROCHEN", "damageDegreeList":[{"friendlyname":"ligero", "shortname":"LEICHT", "version":1446211670000}, {"friendlyname":"Medio", "shortname":"MITTEL", "version":1446211671000}, {"friendlyname":"Fuerte", "shortname":"STARK", "version":1446211671000}], "version":1446212307000}], "vehicleComponentShortname":"BITMAGAZINHALTER", "vehicleComponentFriendlyname":"Punta-revistero", "version":1446471000000}], "version":1446471000000}, "VP_11500899":{"vehicleComponentList":[{"damageTypeList":[{"damageType":"Falta", "damageTypeShortname":"FEHLT", "damageDegreeList":[{"friendlyname":"Sin", "shortname":"OHNE", "version":1446212133000}], "version":1446212302000}, {"damageType":"deformado", "damageTypeShortname":"VERFORMT", "damageDegreeList":[{"friendlyname":"ligero", "shortname":"LEICHT", "version":1446211670000}, {"friendlyname":"Medio", "shortname":"MITTEL", "version":1446211671000}, {"friendlyname":"Fuerte", "shortname":"STARK", "version":1446211671000}], "version":1446212305000}, {"damageType":"Roto", "damageTypeShortname":"GEBROCHEN", "damageDegreeList":[{"friendlyname":"ligero", "shortname":"LEICHT", "version":1446211670000}, {"friendlyname":"Medio", "shortname":"MITTEL", "version":1446211671000}, {"friendlyname":"Fuerte", "shortname":"STARK", "version":1446211671000}], "version":1446212307000}], "vehicleComponentShortname":"SPANNKLAUE", "vehicleComponentFriendlyname":"Garra de sujeci\u00f3n", "version":1446470936000}], "version":1446470936000}}